feature,corr_value
feature_377,0.021827910104065467
feature_363,0.021696929162372168
feature_294,0.021151405529013997
feature_823,0.020911823759685876
feature_819,0.02075686228934574
feature_1094,0.020681086589687016
feature_72,0.020577681609831918
feature_283,0.020492937898054914
feature_282,0.02000997372668917
feature_366,0.019985321835293116
feature_829,0.019977167446269383
feature_1034,0.01960355383164744
feature_816,0.01956632113947831
feature_821,0.019565515896477047
feature_86,0.019440748049384903
feature_355,0.019295546757554394
feature_481,0.01921825292029084
feature_1087,0.019071786119570965
feature_386,0.018345718326080347
feature_357,0.01756635195699459
feature_383,0.01715771760307568
feature_195,0.01699010163607799
feature_99,0.016927752354707545
feature_381,0.016856423824988715
feature_79,0.01668178588069033
feature_757,0.016596981215721094
feature_295,0.016591869133464863
feature_1193,0.016584161120782672
feature_364,0.016304586158534952
feature_182,0.01625765327550286
feature_1131,0.016222627449512146
feature_1133,0.016126336427494257
feature_548,0.016074827295151764
feature_1132,0.015905439610521994
feature_361,0.015740386858821457
feature_359,0.015737603291396937
feature_1120,0.01560127641733993
feature_1142,0.015438281889210032
feature_13,0.015292255213017388
feature_85,0.015283543035414196
feature_356,0.015257011976757608
feature_184,0.015208358724376253
feature_1129,0.015199256140703226
feature_362,0.015132858866113846
feature_1110,0.0150776273166796
feature_482,0.01505378677030329
feature_1109,0.014968597693806618
feature_379,0.014939935927703842
feature_358,0.014938929662710548
feature_1130,0.014933145123387634
feature_400,0.014805543741084596
feature_83,0.014758106088069281
feature_1134,0.014757720645386404
feature_69,0.014743021039433353
feature_303,0.014632043139510517
feature_52,0.014598719567972873
feature_286,0.014462673947818958
feature_218,0.014450218724472703
feature_328,0.01422165699384979
feature_1139,0.014179812216038014
feature_1202,0.014055062122210131
feature_380,0.014001412760526289
feature_466,0.013685807237675294
feature_51,0.013637442488349638
feature_4,0.01361069508896941
feature_484,0.013599150391096632
feature_1141,0.013537379627633852
feature_298,0.013377288944535909
feature_62,0.013376080844413621
feature_93,0.013367147282349065
feature_34,0.01331423554794235
feature_463,0.013200862335460686
feature_6,0.013174973392133728
feature_1135,0.013166031971024254
feature_1137,0.013145357543092488
feature_290,0.013115251949104213
feature_398,0.01305873446772145
feature_467,0.012965276597809064
feature_8,0.012956158683254398
feature_806,0.012940773030842215
feature_1194,0.012888808775148454
feature_15,0.012885772633739533
feature_216,0.012848202843308489
feature_39,0.012806215126548387
feature_345,0.012770606295348779
feature_384,0.012718938441227812
feature_385,0.012708457729635638
feature_38,0.012687276228934279
feature_257,0.01267970817958155
feature_110,0.012625621990769852
feature_390,0.012582769284186165
feature_120,0.012555349295578364
feature_35,0.012527032861619661
feature_337,0.012503515410554287
feature_360,0.012400271001586869
feature_1122,0.012321973066567755
feature_389,0.012308862985387305
feature_284,0.012300953816011264
feature_1074,0.01228838292529102
feature_40,0.01225322491231554
feature_22,0.012207494537175958
feature_77,0.012007351103782773
feature_1127,0.011971753062293202
feature_1151,0.011940382110106956
feature_346,0.011905029906310038
feature_912,0.011895994895058616
feature_316,0.011770963702118206
feature_793,0.011765618820830957
feature_1128,0.011736206952895846
feature_1125,0.011735779214802866
feature_1126,0.011694084956155459
feature_231,0.011693075272113164
feature_333,0.011569936468386454
feature_151,0.011503017403045926
feature_401,0.011502437660211728
feature_1158,0.011466920748127295
feature_16,0.011454754557654436
feature_378,0.011444707249839448
feature_7,0.011382598981273518
feature_1181,0.01132979839924665
feature_277,0.011295425879500234
feature_1195,0.011199550685873173
feature_1157,0.011190027936892347
feature_399,0.011149908854347815
feature_14,0.011103436664712706
feature_478,0.011088995370562005
feature_262,0.01103920800146114
feature_1136,0.011011731242862017
feature_104,0.010996589093882571
feature_1201,0.01099095371236696
feature_288,0.010964723920106962
feature_707,0.010961637716968245
feature_1152,0.010920662191932688
feature_238,0.010918335522787445
feature_1182,0.01087653325618858
feature_36,0.010870895202562418
feature_236,0.01082376951648346
feature_29,0.010820900656046904
feature_266,0.010790341902930333
feature_1156,0.010732901123407025
feature_339,0.010698376677348928
feature_213,0.010570013915830479
feature_56,0.010567534184035627
feature_1205,0.01056604133348921
feature_180,0.01055894968814978
feature_1115,0.010556195309094669
feature_181,0.010544259538319034
feature_468,0.010538811230670063
feature_1159,0.010515397052429489
feature_1160,0.010513129519120217
feature_351,0.01048982157246581
feature_537,0.010419335992164689
feature_331,0.010386834916793776
feature_1155,0.01033130985573653
feature_43,0.010227592767285045
feature_1149,0.01022177213021164
feature_117,0.01020764020273582
feature_287,0.01017861719060956
feature_41,0.010162937838477116
feature_270,0.010145595978707057
feature_1209,0.010122102599055723
feature_1184,0.010110055427432084
feature_170,0.010101256140183324
feature_1199,0.010068372233918387
feature_71,0.010065522290949362
feature_278,0.010021480994845757
feature_281,0.010014633503408926
feature_336,0.010012572592447757
feature_239,0.00998445247345569
feature_10,0.009974995480901852
feature_1147,0.009910198412655044
feature_1121,0.009885053430805493
feature_1092,0.009865943980994846
feature_344,0.009864038690682128
feature_76,0.009836656509174172
feature_1161,0.0097911923547219
feature_826,0.009719249719412697
feature_84,0.009686790210550206
feature_280,0.00966084215149852
feature_369,0.009576340342209808
feature_254,0.009568062582879623
feature_1208,0.009566994045844369
feature_485,0.009535582311119322
feature_395,0.009499326776879802
feature_1150,0.009454521619388869
feature_1148,0.009409597711892901
feature_1138,0.00938022241358366
feature_474,0.009367342446356026
feature_1103,0.009355303405445967
feature_196,0.00935408519291012
feature_382,0.009294310554851264
feature_42,0.009220395005249881
feature_319,0.009201755705201634
feature_1204,0.009199704524037811
feature_285,0.009198148112923583
feature_128,0.009186030366748765
feature_221,0.009173247519556626
feature_469,0.009106163776075784
feature_1183,0.009075939810187483
feature_67,0.009051599175997781
feature_111,0.009042799385329155
feature_47,0.00902660282562961
feature_330,0.009025995985920424
feature_70,0.009015826113772359
feature_1116,0.008991559288876277
feature_258,0.00897405719766758
feature_1154,0.008955335250278315
feature_95,0.008780906339609635
feature_312,0.008776409146759702
feature_1153,0.008773489238018893
feature_343,0.008756050897049186
feature_1200,0.008690347988135855
feature_396,0.008683132392170341
feature_1162,0.008658583903715374
feature_1089,0.008641389353040813
feature_477,0.00861135910538677
feature_1180,0.008584145590162759
feature_108,0.008574442485386658
feature_256,0.008567623564838736
feature_371,0.008518266497853911
feature_1100,0.008483656970173227
feature_1176,0.008459779963969802
feature_217,0.0084513847072496
feature_245,0.00844832143660713
feature_1185,0.00844751536775259
feature_66,0.00841863583629213
feature_1140,0.008418035563618495
feature_109,0.008364016366065034
feature_832,0.008313896501552738
feature_150,0.008296012937348581
feature_896,0.00821943792982941
feature_438,0.007997250300478383
feature_1217,0.00790287313288481
feature_1101,0.00789760511874337
feature_1196,0.007867229175812635
feature_122,0.007782988871054279
feature_21,0.0077688131464278805
feature_107,0.007767083750217266
feature_1178,0.007735735238432517
feature_403,0.007706311843775195
feature_1179,0.007675035616047879
feature_314,0.007582668579631788
feature_423,0.007581795000886604
feature_65,0.007537365914176839
feature_135,0.007512497987164287
feature_1145,0.007495462767456071
feature_1099,0.007487418576805568
feature_89,0.007485286308476572
feature_78,0.007484513038682644
feature_142,0.007477497245217515
feature_237,0.007383251414532654
feature_743,0.007352635685727055
feature_1146,0.0073152704303318964
feature_349,0.0073127105066885
feature_831,0.0072987526884061345
feature_91,0.007275325528483325
feature_311,0.007203871044881625
feature_408,0.0071854454837249416
feature_1215,0.007057207263478887
feature_116,0.007016021853451326
feature_1076,0.00700534207000692
feature_1212,0.006985625648341977
feature_430,0.006969484436191577
feature_341,0.006956481631014518
feature_1244,0.006948357572529928
feature_885,0.006928774936387388
feature_1256,0.006925504718401135
feature_1175,0.006918264308232692
feature_124,0.006899838962114014
feature_20,0.00684680025013089
feature_1233,0.006844962568135448
feature_317,0.006812174407904176
feature_1203,0.006681495208198858
feature_1223,0.0066684275024612855
feature_318,0.006615424414839104
feature_1177,0.006614742758956034
feature_1078,0.0065969502122167345
feature_1144,0.006552381778226631
feature_1143,0.006538966888990261
feature_73,0.006518786829909642
feature_1230,0.006514422610148536
feature_168,0.006494555219008249
feature_824,0.006493211158509214
feature_1189,0.006409455101000204
feature_755,0.006340945702251727
feature_1190,0.006336989838685558
feature_252,0.0063252451469241015
feature_439,0.006309802979022825
feature_1248,0.006299186154180109
feature_464,0.006263577816470717
feature_1365,0.006236700488684515
feature_1111,0.006227485269820775
feature_559,0.00622320518295892
feature_105,0.006152653123789388
feature_1211,0.006144311071281669
feature_296,0.0061439267321733385
feature_1238,0.006088572870176023
feature_1241,0.006042175105292852
feature_387,0.006025610001001436
feature_749,0.006020415680144681
feature_805,0.00600597813213932
feature_1191,0.00598524591265947
feature_432,0.005982854618819829
feature_1124,0.005909994822427072
feature_1172,0.00588326131916607
feature_420,0.005880118300575712
feature_313,0.005823321962717557
feature_219,0.0058136983630222945
feature_1197,0.005762233453367815
feature_297,0.0057545470818691135
feature_833,0.005728563130447175
feature_64,0.005706415794361875
feature_9,0.0056792948962171175
feature_338,0.005671819619724608
feature_103,0.005664679156102178
feature_259,0.005652122734070942
feature_80,0.005628453560951357
feature_1170,0.005611212433657628
feature_404,0.005596841175017114
feature_776,0.005576271183056903
feature_44,0.005570691371091712
feature_397,0.005567541593185462
feature_148,0.0055612893099401504
feature_1118,0.005515718999234952
feature_1271,0.005488591890864766
feature_1232,0.005483592429775961
feature_134,0.00546446927579228
feature_1363,0.005459792679145693
feature_332,0.005457344737907991
feature_1186,0.005447714412038518
feature_222,0.005446251038097353
feature_1313,0.005438427242437526
feature_437,0.0054343989415791445
feature_425,0.0054211697006335295
feature_1169,0.0054115384973114035
feature_638,0.005406461852746519
feature_1245,0.005399875253460625
feature_413,0.005395682821475523
feature_1174,0.005392141573605028
feature_1108,0.005373848864686491
feature_1198,0.005369151212996249
feature_1112,0.005368789282061163
feature_1249,0.005351212451734003
feature_422,0.005339636933515124
feature_31,0.005332019679135317
feature_1068,0.005310761950312248
feature_1207,0.005302779038962203
feature_1105,0.00529699425541681
feature_1033,0.005292071721471208
feature_264,0.0052904566923711845
feature_1171,0.0052796778212535304
feature_24,0.005269578430728428
feature_82,0.005263858289508556
feature_1280,0.005212610068311057
feature_1085,0.005165813855177385
feature_1019,0.00514219006578903
feature_410,0.005137595602026428
feature_1221,0.005029785583513265
feature_96,0.005017006450541363
feature_310,0.0049640586994748655
feature_1277,0.004927283285613887
feature_1219,0.004911547800316183
feature_1214,0.00488974174197951
feature_97,0.004887000127620127
feature_1259,0.004870904701732692
feature_1269,0.004789919717661108
feature_874,0.004784707346874726
feature_161,0.004772969611073248
feature_178,0.004738373270214386
feature_409,0.004724509710557093
feature_1167,0.004704072060082017
feature_5,0.004703667126487876
feature_1166,0.004675730525797644
feature_728,0.004662800637419498
feature_1315,0.00465366885483705
feature_1292,0.00464811824416645
feature_939,0.004643583160726208
feature_1299,0.0046231940478274084
feature_1088,0.004622375574505913
feature_1097,0.004600427338080197
feature_347,0.004590543779896183
feature_1228,0.004577715760866813
feature_1173,0.004574553686665079
feature_1274,0.004563576774630764
feature_289,0.004549142607810458
feature_340,0.004543608272114283
feature_428,0.004505708650267551
feature_1192,0.00448674732995553
feature_11,0.004475665590191117
feature_118,0.004436455736459056
feature_1298,0.004431239130579144
feature_1165,0.004406389097056972
feature_1102,0.0043993759498556235
feature_834,0.004398162241192089
feature_431,0.0043772306596690305
feature_752,0.0043720676874082045
feature_1294,0.00436652915853143
feature_465,0.004315964947069355
feature_1091,0.004308025803850235
feature_926,0.004244658265326695
feature_1300,0.0042178462377244486
feature_46,0.004201801635603938
feature_1308,0.0041940680461329686
feature_426,0.004164032622882739
feature_1283,0.004161923365626651
feature_261,0.004140769453620645
feature_48,0.0041300490712783055
feature_1319,0.004120045918996052
feature_30,0.0041196903611849375
feature_1077,0.004117129187783086
feature_61,0.004106119402239705
feature_1262,0.004078378483334722
feature_792,0.004069798817448127
feature_1303,0.004049375297299926
feature_1318,0.004032053085685225
feature_1270,0.004027463663723839
feature_367,0.00402442089875606
feature_235,0.004023732070465829
feature_1281,0.004017378319900043
feature_461,0.0040117031232749225
feature_177,0.004006948292258144
feature_45,0.0039957395970241965
feature_1081,0.003990195512097648
feature_742,0.003967123647925229
feature_1107,0.003966440637578614
feature_434,0.003938371729636712
feature_810,0.003915396997701183
feature_98,0.0039019883446842745
feature_191,0.0038848632470641275
feature_1222,0.003859122308306514
feature_1224,0.0038463794641312786
feature_1247,0.003834871104377667
feature_1327,0.003809066831425186
feature_102,0.0038038833897874338
feature_1301,0.0038013579229784224
feature_1123,0.0037924408106881024
feature_1263,0.003790556070883912
feature_1117,0.003786976409380884
feature_123,0.0037558192162785646
feature_267,0.0037518690510971444
feature_433,0.0037469653058096026
feature_1210,0.0037387349062589724
feature_1237,0.0037356242965543114
feature_1168,0.003735409366399183
feature_1071,0.0037043555437410287
feature_12,0.003689731308784402
feature_1065,0.003661890683518637
feature_1113,0.0036607860596523374
feature_54,0.0036599843117837987
feature_1287,0.0036552581545720763
feature_101,0.0036479026306079697
feature_263,0.0036314891976618373
feature_1225,0.0036194593592239525
feature_1240,0.0036138664005108292
feature_1067,0.0036112835486446612
feature_441,0.003608029314736248
feature_1072,0.0036044766727557236
feature_1163,0.0035933828159540456
feature_33,0.0035832495227450427
feature_106,0.00352594674052489
feature_772,0.003518156785312518
feature_1106,0.0035171969660736046
feature_809,0.003498574740182805
feature_986,0.003498090046556631
feature_822,0.003478656109583127
feature_547,0.003476055523708045
feature_429,0.0034740924785170166
feature_100,0.0034667771692942417
feature_1291,0.0034563045137298563
feature_1272,0.0034330267345136257
feature_1246,0.003412750114830729
feature_746,0.0034038620630015112
feature_37,0.0033894406458089355
feature_1083,0.003382195624219958
feature_1266,0.003356305880530172
feature_1164,0.00335402989906058
feature_1220,0.0033468265634854404
feature_555,0.0033236105231938574
feature_393,0.003313652048125512
feature_735,0.003312002686588509
feature_329,0.00330371334805376
feature_1098,0.003296226034829838
feature_445,0.003294832920259048
feature_204,0.0032908261497608476
feature_1288,0.0032793774334988466
feature_820,0.003270368440740833
feature_1082,0.003253900584128912
feature_421,0.0032455433301970967
feature_1364,0.003239657276870761
feature_1086,0.003239657276870761
feature_424,0.003238330387898516
feature_1070,0.003237542462963795
feature_758,0.003235135916456216
feature_1305,0.003233552484209191
feature_271,0.0032185109745299506
feature_899,0.0031682285337968747
feature_679,0.003157289928377009
feature_1114,0.003105717858492878
feature_63,0.003090095463510735
feature_1216,0.003082265333300142
feature_402,0.003078417783301655
feature_342,0.003074944294448689
feature_1069,0.0030456874172894023
feature_1320,0.003029931845917056
feature_1258,0.0030267431238707333
feature_1322,0.0030245256252364053
feature_121,0.003021912274310179
feature_247,0.003010237052007132
feature_608,0.0030086537211043755
feature_265,0.003006489300669268
feature_23,0.0030060902706806436
feature_1206,0.003001546286312781
feature_487,0.0029818107436450306
feature_778,0.0029614351606895156
feature_1104,0.0029588899905719484
feature_470,0.0029532900677127763
feature_136,0.0029515590700151598
feature_475,0.0029439708854090917
feature_1096,0.002940399642527223
feature_1307,0.0029282228030969625
feature_1351,0.002924375591809032
feature_906,0.002923630555654216
feature_1255,0.0029092741049018397
feature_147,0.002880296132537595
feature_1267,0.002848012810150312
feature_164,0.002847652179282968
feature_272,0.002838899713765582
feature_1356,0.0028367498951853095
feature_476,0.0028322434419566223
feature_1348,0.0028087616262266685
feature_1366,0.0027988529550147566
feature_273,0.002790754828645682
feature_201,0.0027703921064877834
feature_1328,0.0027699753244141583
feature_112,0.0027641535024695452
feature_1354,0.002762215172507311
feature_365,0.0027531108006233146
feature_353,0.0027369960807529636
feature_551,0.002718590954008484
feature_1001,0.0027107431315091784
feature_375,0.002710633906017305
feature_1358,0.002708330199717581
feature_1359,0.002694515752156006
feature_1213,0.0026865931027627125
feature_248,0.0026845899311683627
feature_246,0.0026784991732813524
feature_240,0.0026784991732813524
feature_234,0.0026784991732813524
feature_233,0.0026784991732813524
feature_230,0.0026784991732813524
feature_183,0.0026784991732813524
feature_59,0.0026784991732813524
feature_229,0.0026784991732813524
feature_58,0.0026784991732813524
feature_172,0.0026784991732813524
feature_291,0.0026784991732813524
feature_129,0.0026784991732813524
feature_307,0.0026784991732813524
feature_306,0.0026784991732813524
feature_228,0.0026784991732813524
feature_304,0.0026784991732813524
feature_302,0.0026784991732813524
feature_301,0.0026784991732813524
feature_300,0.0026784991732813524
feature_169,0.0026784991732813524
feature_171,0.0026784991732813524
feature_174,0.0026784991732813524
feature_50,0.0026784991732813524
feature_53,0.0026784991732813524
feature_55,0.0026784991732813524
feature_173,0.0026784991732813524
feature_57,0.0026784991732813524
feature_292,0.0026784991732813524
feature_215,0.0026784991732813524
feature_212,0.0026784991732813524
feature_348,0.0026784991732813524
feature_227,0.0026784991732813524
feature_75,0.0026784991732813524
feature_210,0.0026784991732813524
feature_188,0.0026784991732813524
feature_209,0.0026784991732813524
feature_115,0.0026784991732813524
feature_214,0.0026784991732813524
feature_87,0.0026784991732813524
feature_1361,0.0026784991732813524
feature_208,0.0026784991732813524
feature_211,0.0026784991732813524
feature_207,0.0026784991732813524
feature_206,0.0026784991732813524
feature_226,0.0026784991732813524
feature_368,0.0026784991732813524
feature_176,0.002672930470232524
feature_199,0.0026686997408854577
feature_374,0.002668473579037399
feature_1360,0.002661246720379799
feature_1355,0.002656688862006796
feature_1333,0.0026478846755727628
feature_1349,0.0026390250484047808
feature_158,0.0026365391595307534
feature_1323,0.00263523401664827
feature_159,0.0026304695555409915
feature_276,0.0026086253584942758
feature_68,0.002599415094775479
feature_1335,0.0025941140935964446
feature_224,0.0025853338027279835
feature_411,0.002583771110588078
feature_203,0.0025529450045023846
feature_1187,0.0025352883205644557
feature_1324,0.002534263439147182
feature_1334,0.0025305544807446294
feature_113,0.0025277301356652084
feature_305,0.002522581648741624
feature_220,0.002511731447802247
feature_1290,0.002481226504138501
feature_750,0.0024808287360328554
feature_730,0.002472972499684458
feature_1338,0.0024661658758526462
feature_200,0.0024647162094909203
feature_269,0.0024573727169461554
feature_1080,0.002442626382809153
feature_205,0.0024420769771479147
feature_202,0.0024405901948283534
feature_1265,0.0024350102120423013
feature_376,0.0024317276822176602
feature_175,0.002428959748657563
feature_198,0.002407077840035176
feature_149,0.0024038528790148025
feature_751,0.0024021627551272322
feature_275,0.0023943999958002367
feature_1331,0.002389355760737393
feature_450,0.0023886002630472566
feature_189,0.0023880829422751374
feature_1311,0.002362585850682545
feature_1309,0.0023615097316164635
feature_1252,0.0023612515038207945
feature_162,0.0023604622058892143
feature_190,0.0023584556226272074
feature_17,0.0023497730725114577
feature_790,0.00234386552904342
feature_853,0.0023434760162126173
feature_1329,0.002341201873097213
feature_1350,0.0023398286531220325
feature_373,0.002335255265209196
feature_1273,0.0023343286193740656
feature_406,0.002332208438486991
feature_145,0.0023314130183120494
feature_197,0.0023270122734607252
feature_260,0.0023178274830674304
feature_1326,0.002306971997573538
feature_114,0.0023065570493037463
feature_1006,0.002300599826924512
feature_895,0.002290070414228029
feature_60,0.0022683734409377327
feature_130,0.0022492751390559857
feature_225,0.0022309315555129002
feature_946,0.0022215448880765183
feature_1352,0.0022162929365045153
feature_510,0.002215806341951181
feature_471,0.0022118000673974217
feature_163,0.0022050551416562497
feature_139,0.002204685617841322
feature_861,0.0022037172217247445
feature_1316,0.0022036650815122592
feature_1332,0.0021919027466602184
feature_1025,0.002184180126714374
feature_740,0.0021790822844582145
feature_1013,0.002173642583929104
feature_442,0.002169410761048175
feature_1293,0.0021367511701689784
feature_1344,0.0021309253951036088
feature_19,0.002126317710446071
feature_1340,0.0021175453182305706
feature_1345,0.002105628236743698
feature_315,0.002092263567847424
feature_1295,0.002090972474365507
feature_543,0.002084287718054174
feature_1235,0.002056131609295818
feature_1347,0.0020520874598039677
feature_762,0.002050357333350344
feature_412,0.002042570648486959
feature_1066,0.0020373505658663024
feature_1336,0.0020361164853252033
feature_1314,0.0020333545498260872
feature_253,0.002022269720385135
feature_1339,0.0020192405040388287
feature_1321,0.002011583124050144
feature_1330,0.0019909318834949183
feature_804,0.00198873031206448
feature_223,0.00198102395102727
feature_415,0.001979374584984203
feature_1119,0.0019483891095257793
feature_966,0.0019390532938215396
feature_391,0.0019202398038458723
feature_444,0.001915810598949059
feature_125,0.0019073974482409183
feature_799,0.001904690809655825
feature_1343,0.0018946224291531094
feature_140,0.001878864759724637
feature_1312,0.0018754769827351021
feature_155,0.0018611303138658072
feature_1317,0.0018605735616584835
feature_788,0.001856503732143604
feature_1234,0.001856200811479917
feature_761,0.0018533238082204238
feature_1296,0.0018375235985455085
feature_352,0.0018344347430914085
feature_94,0.0018259818319889534
feature_119,0.001825556620716901
feature_320,0.0018179743470073406
feature_1261,0.001805003823420614
feature_1218,0.001799329999431808
feature_1090,0.0017718645608734288
feature_739,0.0017699175057927692
feature_879,0.0017582973839588576
feature_185,0.0017528265372533677
feature_137,0.0017482808575508535
feature_1027,0.0017450084444203774
feature_414,0.0017445514278669457
feature_763,0.001735409756469226
feature_473,0.0017232265086085752
feature_350,0.0017095438660746898
feature_446,0.0017031276531216863
feature_678,0.0016891123659722631
feature_1226,0.0016829276910683144
feature_801,0.0016776386998851366
feature_472,0.001674663560355089
feature_325,0.0016691565727265467
feature_1302,0.001656762643068029
feature_81,0.0016506138075308866
feature_126,0.0016477932428672118
feature_1188,0.0016436952008141706
feature_528,0.0016411127067576128
feature_996,0.0016353618543999836
feature_456,0.001628924712946669
feature_1353,0.0016269786793844548
feature_90,0.0016235632193772323
feature_1341,0.0015842527675490252
feature_18,0.0015777772014361965
feature_680,0.0015757580559408462
feature_1250,0.0015636030701489934
feature_308,0.0015310858428641235
feature_1028,0.0015244504557823824
feature_815,0.0015205029941669074
feature_814,0.001519382893705935
feature_144,0.0015071589115201488
feature_27,0.0015062322284039669
feature_1040,0.0015006649701362756
feature_738,0.001491302931451869
feature_917,0.0014890952545485385
feature_891,0.0014880313715458795
feature_789,0.001466143420144607
feature_1278,0.001447606503724332
feature_449,0.0014423841332456833
feature_321,0.0014189817686720127
feature_729,0.0013983219467025923
feature_133,0.0013890599026230256
feature_553,0.0013890542617035068
feature_1310,0.001386570449892137
feature_255,0.001380938713217668
feature_760,0.001380664478358732
feature_1020,0.0013771084940011388
feature_527,0.0013673906566730315
feature_154,0.0013662952132968067
feature_777,0.0013630189208970658
feature_407,0.0013622623943763137
feature_747,0.0013622131771156762
feature_194,0.0013618330028402634
feature_950,0.0013482671448237329
feature_614,0.0013473924632093415
feature_451,0.0013436158767837008
feature_25,0.001339292987309236
feature_817,0.0013196509788738658
feature_454,0.0013139347770891895
feature_166,0.0013119388578853234
feature_1276,0.001310363069112037
feature_1279,0.001300804396980318
feature_717,0.0013004751493482754
feature_1282,0.0012994457749986802
feature_179,0.0012841965940034532
feature_921,0.0012758547591565066
feature_754,0.0012425026798983867
feature_588,0.0012390354894924714
feature_531,0.0012366890539730322
feature_88,0.0011851829497304869
feature_502,0.0011807498901184694
feature_141,0.0011758120645878676
feature_479,0.001175036367478747
feature_193,0.0011737728811267406
feature_186,0.001173179929796055
feature_131,0.0011706093969656626
feature_459,0.0011699348457497349
feature_709,0.0011537801888547167
feature_241,0.00114509604950357
feature_580,0.001137188107639127
feature_997,0.001134626192286491
feature_74,0.0011336131370629527
feature_745,0.0011330124752277028
feature_436,0.001127938024101908
feature_153,0.0011227297709504552
feature_561,0.0011199688103799793
feature_955,0.0011115982881107094
feature_770,0.0011054729363616704
feature_1239,0.0010985711160974617
feature_1075,0.0010945390882752008
feature_1257,0.001072530412648936
feature_868,0.0010647418618438794
feature_900,0.0010589143315126045
feature_388,0.0010495546640184208
feature_448,0.0010355138837108081
feature_1325,0.0010257992712065815
feature_354,0.00102101509522661
feature_928,0.0010193989541157028
feature_700,0.00101578337078235
feature_250,0.001009060047748378
feature_157,0.0010078142723374942
feature_501,0.0009947700491701123
feature_711,0.0009940073304134985
feature_127,0.0009921753027999762
feature_453,0.0009890297175068107
feature_869,0.000983403549848673
feature_696,0.0009801855432684727
feature_455,0.0009741952109075322
feature_1254,0.0009695265645130739
feature_327,0.0009694251112206745
feature_796,0.0009630966816999974
feature_92,0.0009627007336089671
feature_748,0.0009611146220600726
feature_797,0.0009556756038690689
feature_602,0.0009522760107737838
feature_1046,0.000952063105557617
feature_1268,0.00094519020030216
feature_457,0.0009446674417751215
feature_490,0.0009441010717508677
feature_279,0.0009254222806075508
feature_545,0.0009238024555642155
feature_274,0.0009201948141769765
feature_1243,0.0009021719955693794
feature_753,0.0008943289047943369
feature_784,0.0008939467307517773
feature_855,0.000891900329123429
feature_773,0.0008909138664000868
feature_634,0.0008886443426015925
feature_782,0.000887669234075297
feature_948,0.0008851624377314188
feature_715,0.0008767969890656654
feature_875,0.0008762136348055519
feature_394,0.0008725796571708766
feature_808,0.0008669257582052526
feature_779,0.0008657215806737704
feature_741,0.0008644905050132514
feature_980,0.0008635609823129506
feature_1055,0.0008586470591431709
feature_766,0.0008585475854342621
feature_612,0.0008581972108286573
feature_713,0.0008484339743096035
feature_889,0.0008441110653908285
feature_952,0.0008441110653908208
feature_160,0.000844068296993923
feature_767,0.0008427202472060556
feature_541,0.000839260841511065
feature_1056,0.0008385467145716359
feature_666,0.0008376259461166569
feature_781,0.0008373796968849024
feature_765,0.0008364946142083381
feature_419,0.0008334411162250842
feature_557,0.0008286962409030803
feature_427,0.00082437614428288
feature_372,0.0008170147148827533
feature_1242,0.000816935797335475
feature_903,0.0008148677587239972
feature_1357,0.000814367536086826
feature_1038,0.0008138394098465507
feature_1306,0.000809754762187981
feature_892,0.0008095132731401749
feature_780,0.0008077474617283641
feature_931,0.0008073500533241118
feature_591,0.0008043769411853228
feature_522,0.0007965324391197938
feature_818,0.0007943686131681645
feature_646,0.0007922046861646396
feature_969,0.0007922046861490749
feature_786,0.0007922046861490089
feature_1304,0.0007904499977095271
feature_794,0.0007900875728662518
feature_648,0.0007878765288675809
feature_564,0.0007862791370723818
feature_1231,0.0007862530928342722
feature_645,0.0007857122985752648
feature_1044,0.0007857122985751976
feature_146,0.0007852750996023044
feature_1346,0.0007849400027959713
feature_957,0.0007813835346358944
feature_1036,0.0007796371263544622
feature_334,0.0007742554521037865
feature_967,0.0007727247929756464
feature_932,0.0007727247929756422
feature_1045,0.0007705598546172003
feature_370,0.00076897886764538
feature_1004,0.0007687455359316572
feature_909,0.0007683948150567946
feature_848,0.0007662296742819861
feature_973,0.0007640644322801717
feature_908,0.0007633519407458123
feature_910,0.0007597336445459677
feature_1073,0.0007593121696262028
feature_495,0.0007579050095287964
feature_458,0.0007578622280359921
feature_871,0.0007575680987889708
feature_915,0.0007554024517550004
feature_323,0.0007526550371379308
feature_941,0.0007510708538086469
feature_795,0.0007492635383895346
feature_905,0.0007489049028710982
feature_721,0.0007471919935890601
feature_884,0.0007467388506071116
feature_722,0.0007467388506071048
feature_132,0.0007463216730508024
feature_1029,0.0007445726970060761
feature_156,0.0007437202028167957
feature_880,0.000742169257723343
feature_769,0.0007398018400556938
feature_1093,0.0007382567726989463
feature_893,0.0007380736280423968
feature_984,0.0007380736280423834
feature_1022,0.0007359070689612089
feature_583,0.0007342120787235751
feature_514,0.0007325004022549216
feature_1037,0.0007315736465851533
feature_927,0.0007315736465851303
feature_519,0.0007294067832651113
feature_839,0.0007277701193809633
feature_807,0.0007277626806439997
feature_979,0.0007272398185070147
feature_923,0.0007258579720306933
feature_657,0.0007250727523010833
feature_642,0.00072507275230093
feature_1031,0.0007233988183046748
feature_1041,0.0007229055846271657
feature_650,0.000720738315480735
feature_943,0.0007207383154807242
feature_630,0.0007185709448478823
feature_827,0.0007183988950802026
feature_662,0.0007165459189995681
feature_916,0.0007164034727116162
feature_488,0.0007151211764625629
feature_999,0.0007142358990646018
feature_970,0.0007137746433744233
feature_919,0.0007130275794205157
feature_982,0.0007125945173376355
feature_677,0.0007099004471828622
feature_1042,0.0007099004471828296
feature_530,0.0007095886953255605
feature_716,0.0007082426279242552
feature_577,0.000708178176492873
feature_883,0.00070773256892299
feature_933,0.0007060717393055194
feature_881,0.0007055645891010704
feature_877,0.0007055645891010663
feature_887,0.000705564589101065
feature_825,0.0007033965077043943
feature_837,0.0007033965077041224
feature_719,0.0007012283247200043
feature_1054,0.0007000923411847521
feature_1011,0.000699583765189579
feature_611,0.0006992227498056753
feature_787,0.0006982052895877993
feature_592,0.0006971048251419879
feature_907,0.0006968916539396254
feature_1032,0.0006968916539396252
feature_949,0.000696891653939622
feature_975,0.0006947231661188022
feature_675,0.0006925545766606047
feature_521,0.0006882170927833168
feature_544,0.0006882170927833027
feature_664,0.000688217092783281
feature_929,0.0006860481983389257
feature_552,0.0006838792022073285
feature_1024,0.0006817101043763622
feature_727,0.0006779985343641229
feature_947,0.0006778945549608219
feature_505,0.0006773716035655407
feature_299,0.0006758415311931633
feature_783,0.0006756716368049229
feature_942,0.0006752022005610301
feature_959,0.000673609385766123
feature_684,0.0006730326958069163
feature_841,0.000673032695806913
feature_268,0.0006726225530422135
feature_902,0.0006719263008864134
feature_613,0.0006713728658569713
feature_812,0.0006708630892909938
feature_1051,0.0006708630892909935
feature_963,0.000670863089290989
feature_930,0.0006708630892909883
feature_958,0.0006708630892909875
feature_529,0.0006686933810003097
feature_708,0.0006686933810003064
feature_405,0.0006686886580789566
feature_687,0.0006665235709229947
feature_653,0.0006665235709229942
feature_1002,0.000666523570922993
feature_652,0.0006665235709229916
feature_720,0.0006648986475600447
feature_1048,0.0006643536590460681
feature_774,0.0006631554021454549
feature_523,0.0006621836453573626
feature_878,0.0006621836453573598
feature_842,0.0006621836453573593
feature_665,0.0006621836453573576
feature_629,0.000660013529843762
feature_1043,0.000658477121039483
feature_546,0.0006578433124937506
feature_660,0.0006578433124937482
feature_964,0.0006578433124937481
feature_870,0.0006578433124937474
feature_937,0.0006556729932942289
feature_649,0.0006556729932942284
feature_764,0.000655441854005128
feature_1289,0.0006542017267007729
feature_1049,0.0006535025722325821
feature_658,0.0006535025722325795
feature_989,0.0006513320492966411
feature_1023,0.000651332049296636
feature_867,0.0006513320492966334
feature_811,0.0006513320492966316
feature_460,0.0006504291231496207
feature_1005,0.0006491614244736558
feature_1050,0.0006491614244736551
feature_988,0.0006469906977512649
feature_633,0.0006448198691167064
feature_651,0.0006426489385577888
feature_562,0.0006426489385577872
feature_863,0.0006426489385577855
feature_1035,0.0006426489385577853
feature_498,0.0006418047651270403
feature_654,0.0006410818437038125
feature_563,0.0006404779060614116
feature_631,0.0006404779060614004
feature_605,0.0006404779060614001
feature_859,0.0006404779060614
feature_628,0.0006404779060613997
feature_990,0.0006404779060613984
feature_852,0.0006404779060613981
feature_550,0.0006388824982200796
feature_856,0.0006383067716158993
feature_968,0.0006383067716158877
feature_732,0.0006383067716158876
feature_860,0.0006383067716158876
feature_858,0.0006383067716158876
feature_985,0.000638306771615887
feature_1000,0.000638306771615887
feature_898,0.0006367865502774058
feature_1012,0.0006361355352083325
feature_726,0.0006361355352083303
feature_862,0.0006361355352083303
feature_566,0.0006361355352083301
feature_632,0.0006361355352083295
feature_242,0.0006357244557835202
feature_972,0.0006339641968260235
feature_693,0.0006339641968260209
feature_671,0.00063396419682602
feature_854,0.00063396419682602
feature_509,0.00063179275645669
feature_659,0.000631792756456682
feature_706,0.0006317927564566816
feature_897,0.0006317927564566813
feature_1018,0.000631792756456681
feature_1026,0.0006317927564566808
feature_695,0.0006317927564566807
feature_718,0.0006317927564566807
feature_924,0.0006313887062203565
feature_524,0.0006311420994568512
feature_540,0.000629621214087381
feature_615,0.00062962121408738
feature_1039,0.0006296212140873794
feature_864,0.0006296212140873794
feature_517,0.0006296212140873791
feature_995,0.0006296212140873782
feature_1021,0.0006296212140873781
feature_572,0.0006296212140873781
feature_704,0.0006296212140873781
feature_840,0.0006274495697061843
feature_601,0.0006274495697061839
feature_694,0.0006274495697061834
feature_624,0.0006274495697061831
feature_574,0.0006274495697061826
feature_503,0.0006274495697061822
feature_691,0.0006274495697061818
feature_558,0.0006274495697061816
feature_626,0.0006270706047636633
feature_992,0.000625277823300102
feature_703,0.0006252778233001017
feature_594,0.0006252778233001016
feature_689,0.0006252778233001013
feature_737,0.0006252778233001008
feature_643,0.0006252778233001008
feature_570,0.0006252778233001008
feature_623,0.0006252778233001003
feature_625,0.0006252778233000999
feature_731,0.0006247309579090318
feature_890,0.0006236741010542586
feature_683,0.0006231059748569217
feature_644,0.000623105974856917
feature_595,0.0006231059748569143
feature_843,0.0006231059748569143
feature_866,0.0006231059748569138
feature_600,0.0006231059748569138
feature_573,0.0006231059748569137
feature_845,0.0006231059748569137
feature_494,0.0006231059748569133
feature_714,0.0006231059748569133
feature_1003,0.0006231059748569133
feature_977,0.0006231059748569133
feature_685,0.0006231059748569129
feature_618,0.0006231059748569126
feature_971,0.0006231059748569126
feature_567,0.0006231059748569119
feature_617,0.0006209340243634586
feature_616,0.0006209340243634584
feature_542,0.0006209340243634577
feature_603,0.0006209340243634577
feature_639,0.0006209340243634576
feature_606,0.0006209340243634575
feature_575,0.0006209340243634575
feature_576,0.0006209340243634575
feature_578,0.0006209340243634575
feature_847,0.0006209340243634575
feature_1014,0.0006209340243634575
feature_579,0.0006209340243634575
feature_590,0.0006209340243634575
feature_607,0.0006209340243634575
feature_961,0.0006209340243634569
feature_597,0.0006187619718081104
feature_813,0.0006187619718081099
feature_1009,0.0006187619718081096
feature_682,0.0006187619718081094
feature_586,0.0006187619718081094
feature_493,0.0006187619718081094
feature_596,0.0006187619718081094
feature_593,0.0006187619718081094
feature_609,0.0006187619718081088
feature_857,0.0006187619718081088
feature_940,0.0006187619718081088
feature_568,0.0006187619718081088
feature_569,0.0006187619718081087
feature_584,0.0006185638350348664
feature_1275,0.00061748172763602
feature_486,0.0006169772591305122
feature_587,0.0006165898171776895
feature_534,0.000616589817177689
feature_686,0.0006165898171776883
feature_535,0.0006165898171776883
feature_705,0.0006165898171776883
feature_599,0.0006165898171776883
feature_699,0.0006165898171776883
feature_554,0.0006165898171776883
feature_1017,0.0006165898171776883
feature_668,0.0006165898171776883
feature_846,0.0006165898171776883
feature_621,0.0006165898171776883
feature_1264,0.0006157630493177483
feature_462,0.0006152091274543606
feature_673,0.0006148965777022531
feature_1079,0.0006145544942416518
feature_1062,0.0006144175604600706
feature_506,0.0006144175604600706
feature_702,0.0006144175604600706
feature_508,0.0006144175604600706
feature_556,0.0006144175604600706
feature_1053,0.0006144175604600704
feature_538,0.0006144175604600704
feature_571,0.0006144175604600704
feature_844,0.0006144175604600704
feature_886,0.0006144175604600701
feature_635,0.0006144175604600701
feature_636,0.0006144175604600701
feature_640,0.0006144175604600701
feature_830,0.0006144175604600701
feature_835,0.0006144175604600701
feature_637,0.0006144175604600701
feature_539,0.0006144175604600701
feature_701,0.0006144175604600701
feature_533,0.0006144175604600701
feature_669,0.0006144175604600701
feature_951,0.0006144175604600701
feature_1060,0.0006144175604600701
feature_872,0.0006128480235575408
feature_803,0.000612846533958113
feature_849,0.0006122452016424036
feature_1030,0.0006122452016424036
feature_987,0.0006122452016424036
feature_697,0.0006122452016424036
feature_1007,0.0006122452016424036
feature_688,0.0006122452016424036
feature_1063,0.0006122452016424036
feature_655,0.0006122452016424036
feature_1061,0.0006122452016424036
feature_504,0.0006122452016424036
feature_507,0.0006122452016424036
feature_532,0.0006122452016424036
feature_549,0.0006122452016424036
feature_1362,0.0006122452016424036
feature_865,0.0006122452016424036
feature_536,0.0006122452016424036
feature_698,0.0006122452016424036
feature_918,0.0006122452016424036
feature_667,0.0006122452016424036
feature_692,0.0006112524699528197
feature_775,0.0005990403542094448
feature_725,0.0005977331455864851
feature_581,0.000596095169165676
feature_888,0.0005955406955694279
feature_938,0.000595501958695763
feature_914,0.0005889162959921238
feature_663,0.0005843173346006791
feature_934,0.0005839264313808219
feature_759,0.0005825447685897944
feature_935,0.0005782224122851062
feature_998,0.0005759843371794899
feature_922,0.0005740780823059538
feature_143,0.000567331334597893
feature_26,0.0005651251202660642
feature_744,0.0005641877947558987
feature_851,0.0005630052763275635
feature_560,0.0005630022955200433
feature_944,0.0005608499420322696
feature_960,0.0005602533171357347
feature_309,0.0005588641765891481
feature_836,0.0005542497566744484
feature_565,0.0005505783165034716
feature_622,0.0005498605510531461
feature_945,0.0005485265930122156
feature_672,0.0005484663606345386
feature_956,0.0005456472250157865
feature_723,0.0005390957455046679
feature_513,0.0005390927639205886
feature_661,0.000539088291544824
feature_838,0.0005390875461485399
feature_610,0.0005369370581308351
feature_925,0.0005369258769270757
feature_953,0.0005369243860999059
feature_876,0.000532597761479605
feature_585,0.0005288913539721926
feature_991,0.0005282379294568509
feature_904,0.0005248178851939817
feature_492,0.0005217391639915862
feature_681,0.0005193049762401217
feature_913,0.0005181952236989477
feature_326,0.0005163449503111875
feature_712,0.0005106268725078753
feature_1015,0.0005065109220116127
feature_512,0.0005052292267600922
feature_965,0.0005021769727435078
feature_873,0.0005021628045424445
feature_981,0.0004978269559110195
feature_954,0.0004978194986113211
feature_480,0.0004916192758027192
feature_518,0.0004912799092998904
feature_724,0.000486935581606847
feature_647,0.0004847617729342511
feature_736,0.00048364351100789617
feature_1008,0.0004835002075670541
feature_582,0.0004829671821283873
feature_627,0.00048259681230861486
feature_656,0.00047787126488385746
feature_32,0.00047503870930645656
feature_976,0.0004738911964622424
feature_771,0.0004735210063495065
feature_1260,0.0004720795031058323
feature_1297,0.0004690629851375885
feature_676,0.0004688402036706913
feature_167,0.00046872582182340986
feature_690,0.0004651958787768931
feature_641,0.00046301955568133407
feature_674,0.0004595607682865128
feature_525,0.00045213640415342607
feature_785,0.0004475247302657192
feature_1342,0.00044660534144012903
feature_1047,0.00044525848273339853
feature_710,0.00044446452192215176
feature_604,0.00042567525230214877
feature_589,0.00041829005913459087
feature_978,0.00041042155037104746
feature_1253,0.0004080407678099334
feature_791,0.0004070819350826312
feature_1286,0.00039929449969777596
feature_911,0.00039875256709128137
feature_251,0.0003978261004320976
feature_1016,0.00039383847759226904
feature_936,0.00039223798699374214
feature_511,0.00039219252533413657
feature_392,0.0003906950418399169
feature_901,0.0003714425397675312
feature_447,0.00037082709107014747
feature_526,0.0003702473144497302
feature_1010,0.00036940483536927895
feature_598,0.00036928880676263056
feature_515,0.0003619288761221981
feature_882,0.0003617086689569203
feature_894,0.00035847510864341894
feature_1059,0.00035758281258371083
feature_802,0.0003568195832225473
feature_733,0.0003559370325871429
feature_1052,0.0003537036966919443
feature_1337,0.00035273550645421067
feature_920,0.00034774081465299966
feature_756,0.0003462717224529347
feature_483,0.00034239721674773124
feature_335,0.0003415227234876563
feature_994,0.0003356329246785727
feature_734,0.00033449882258799194
feature_496,0.00033352416876472846
feature_850,0.0003184328888588738
feature_1058,0.00031332126160028855
feature_417,0.00031014811768559846
feature_962,0.00030639393892680747
feature_520,0.0003051050814763332
feature_670,0.00027857629397878044
feature_798,0.00027590142330886306
feature_1227,0.00027500395138203853
feature_152,0.00026498844285978337
feature_828,0.00026190129019751043
feature_28,0.0002581081180697806
feature_416,0.0002561924608895051
feature_244,0.00025062844469012573
feature_192,0.00023863082740335382
feature_491,0.0002308754624285964
feature_983,0.00021048366627787228
feature_620,0.00020447361951071423
feature_1229,0.00020087134824392703
feature_516,0.00020053114675492575
feature_440,0.0001991528271332965
feature_1285,0.00019685620929357257
feature_293,0.00019668094693682772
feature_418,0.0001961637666040322
feature_800,0.00019118002759633374
feature_974,0.00018213034518216602
feature_243,0.00017975254229357133
feature_138,0.00016870372846416274
feature_443,0.00016850028812818893
feature_322,0.00016641010275947286
feature_324,0.00015206472216295767
feature_500,0.00015013213017747552
feature_1251,0.00014974839576547348
feature_1284,0.0001330216507915192
feature_993,0.00013066919371156478
feature_489,0.00010598174611109287
feature_1095,0.00010553005744914229
feature_232,8.419965427707962e-05
feature_497,6.116796749065349e-05
feature_499,6.115639011077748e-05
feature_619,5.9878718007635625e-05
feature_187,5.736513487511061e-05
feature_1084,5.47237751803417e-05
feature_452,3.853109189781817e-05
feature_249,3.0041153590979283e-05
feature_1236,2.3945839604667755e-05
feature_435,1.8813898674057934e-05
feature_165,8.491859018472591e-06
feature_768,6.494632895835613e-06
