test_index,true_target
132875,0.0
280898,0.0
58199,0.0
272420,0.0
49311,0.0
299841,0.0
185993,0.0
188320,0.0
136437,0.0
161359,0.0
282329,0.0
216290,1.0
199917,0.0
289908,0.0
278012,0.0
126100,0.0
310753,0.0
151354,0.0
325116,0.0
299803,0.0
94227,0.0
323030,0.0
246399,0.0
167291,0.0
84956,0.0
340929,0.0
294568,0.0
52306,0.0
146585,0.0
231418,0.0
18358,0.0
170477,0.0
172154,0.0
312060,0.0
159167,0.0
294141,0.0
259603,0.0
295940,0.0
82430,0.0
215122,0.0
49394,0.0
281751,0.0
298618,0.0
329181,0.0
3204,0.0
87010,0.0
86966,0.0
165251,0.0
310331,0.0
165799,0.0
86428,0.0
191884,0.0
130396,0.0
172801,0.0
292848,0.0
286603,0.0
42432,0.0
98930,0.0
241361,0.0
215905,0.0
41542,0.0
35496,0.0
138905,0.0
146223,0.0
273077,0.0
333430,0.0
260312,0.0
71133,0.0
264223,0.0
252333,0.0
99434,0.0
231955,0.0
352157,0.0
297010,0.0
252973,0.0
19807,0.0
102061,0.0
235233,0.0
297784,0.0
109521,0.0
131786,0.0
249868,0.0
23936,0.0
117810,0.0
62291,0.0
195541,0.0
126632,0.0
61130,0.0
331578,0.0
242731,0.0
69622,0.0
113752,0.0
239120,0.0
44184,0.0
339722,0.0
136092,0.0
160165,0.0
94562,0.0
204345,0.0
101855,0.0
350386,0.0
165455,0.0
281337,0.0
1105,0.0
196637,0.0
22706,0.0
217771,0.0
128758,0.0
335816,0.0
150255,0.0
265333,0.0
221341,0.0
149168,0.0
253669,0.0
126646,0.0
330122,0.0
68920,0.0
37849,0.0
252200,0.0
91930,0.0
73940,0.0
30151,0.0
320464,0.0
216801,0.0
11607,0.0
217616,0.0
280442,0.0
206035,0.0
327423,0.0
187192,0.0
144916,0.0
114647,0.0
128129,0.0
90066,0.0
199216,0.0
127112,0.0
47363,0.0
347442,0.0
316988,0.0
25848,0.0
297795,0.0
116149,0.0
95185,0.0
75780,0.0
196817,0.0
112451,0.0
71687,0.0
252298,0.0
110322,0.0
81762,0.0
292268,0.0
265217,0.0
107202,0.0
143612,0.0
54421,0.0
213813,0.0
234025,0.0
140468,0.0
114192,0.0
264257,0.0
36341,0.0
274761,0.0
152726,0.0
44030,0.0
277085,0.0
103331,0.0
308595,0.0
65616,0.0
217865,0.0
289312,0.0
199308,0.0
148310,0.0
225937,0.0
140984,0.0
280957,0.0
150021,0.0
104608,0.0
170301,0.0
272504,0.0
97296,0.0
41473,0.0
255201,0.0
332935,0.0
56146,0.0
25855,0.0
199604,0.0
326422,0.0
11649,0.0
221178,0.0
42166,0.0
266969,0.0
74629,0.0
315811,0.0
261274,0.0
16174,0.0
308264,0.0
343798,0.0
325882,0.0
260172,0.0
217290,0.0
84688,1.0
233640,0.0
236404,0.0
24773,0.0
217832,0.0
154616,0.0
282814,0.0
143337,0.0
180659,0.0
31104,0.0
276428,0.0
120297,0.0
252289,0.0
69899,0.0
187477,0.0
253289,0.0
2646,0.0
73427,0.0
336135,0.0
321250,0.0
261253,0.0
281674,0.0
148697,0.0
319230,0.0
70255,0.0
155754,0.0
217668,0.0
83720,0.0
263,0.0
348839,0.0
305748,0.0
325286,0.0
75046,0.0
85987,0.0
125382,0.0
131585,0.0
247080,0.0
53891,0.0
333237,0.0
213877,0.0
21043,0.0
11766,0.0
303062,0.0
351823,0.0
316466,0.0
193598,0.0
269217,0.0
270940,0.0
179390,0.0
223843,0.0
236900,0.0
173579,0.0
233736,0.0
128750,0.0
332121,0.0
134495,0.0
339644,0.0
90966,0.0
270209,0.0
207442,0.0
320610,0.0
325147,0.0
91123,0.0
327864,0.0
342685,0.0
131599,0.0
146647,0.0
152322,0.0
217142,0.0
190474,0.0
164136,0.0
172155,0.0
72476,0.0
14922,0.0
125745,0.0
112607,0.0
274264,0.0
144765,0.0
76570,0.0
77782,0.0
182221,0.0
311236,0.0
55594,0.0
92182,0.0
169135,0.0
230223,0.0
166173,0.0
152600,0.0
252460,0.0
73603,0.0
95250,0.0
79351,0.0
174177,0.0
141139,0.0
184970,0.0
96361,0.0
42438,0.0
61793,0.0
41714,0.0
269243,0.0
149124,0.0
283238,0.0
255423,0.0
299120,0.0
112089,0.0
156177,0.0
267204,0.0
295022,0.0
147690,0.0
271173,0.0
1327,0.0
83668,0.0
66727,0.0
233806,0.0
133391,0.0
325397,0.0
106909,0.0
161736,0.0
241394,0.0
132187,0.0
122900,0.0
154900,0.0
121099,0.0
246465,0.0
239226,0.0
87361,0.0
56175,0.0
11711,0.0
141630,0.0
258793,0.0
45526,0.0
326511,0.0
93298,0.0
23066,0.0
33647,0.0
277608,0.0
50886,0.0
192472,0.0
73756,0.0
60760,0.0
149895,0.0
218399,0.0
102753,0.0
111145,0.0
221083,0.0
194776,0.0
309138,0.0
61985,0.0
242494,0.0
220312,0.0
306596,0.0
174932,0.0
344836,0.0
289873,0.0
151791,0.0
1937,0.0
7697,0.0
7060,0.0
346516,0.0
81541,0.0
20673,0.0
306011,0.0
288857,0.0
167646,0.0
279966,0.0
291620,0.0
183205,0.0
110047,0.0
284600,0.0
145550,0.0
271204,0.0
272344,0.0
207524,0.0
340919,0.0
116127,0.0
320975,0.0
221142,0.0
162084,0.0
38204,0.0
342707,0.0
64490,0.0
278049,0.0
345345,0.0
338302,0.0
183665,0.0
97218,0.0
269540,0.0
174747,0.0
91504,0.0
212371,0.0
205167,0.0
60617,0.0
135054,0.0
328757,0.0
275548,0.0
275116,0.0
333137,0.0
238170,0.0
211055,0.0
267766,0.0
184850,0.0
29283,0.0
76313,0.0
255672,0.0
144579,0.0
129814,0.0
346943,0.0
276424,0.0
8468,0.0
136489,0.0
261771,0.0
336637,0.0
270396,0.0
144201,0.0
184959,0.0
82911,0.0
258222,0.0
296797,0.0
45092,0.0
291949,0.0
34480,0.0
317649,0.0
186336,0.0
75119,0.0
262380,0.0
55022,0.0
341339,0.0
175911,0.0
115745,0.0
51333,0.0
280732,0.0
85921,0.0
51198,0.0
78214,0.0
78574,0.0
56712,0.0
146626,0.0
168042,0.0
275924,0.0
70219,0.0
49465,0.0
245270,0.0
33333,0.0
159392,0.0
25554,0.0
4632,0.0
276603,0.0
80516,0.0
159943,0.0
218238,0.0
296747,0.0
196510,0.0
57504,0.0
226828,0.0
264999,0.0
127239,0.0
13336,0.0
43157,0.0
297121,0.0
290714,0.0
104844,0.0
17085,0.0
267896,0.0
217082,0.0
314402,0.0
16889,0.0
106571,0.0
224491,0.0
53195,0.0
137902,0.0
122087,0.0
329949,0.0
209949,0.0
265470,0.0
194620,0.0
236474,0.0
230866,0.0
12084,0.0
10023,0.0
49911,0.0
255454,0.0
322426,0.0
206992,0.0
259182,0.0
43249,0.0
338783,0.0
55438,0.0
131602,0.0
148423,0.0
279612,0.0
279568,0.0
309461,0.0
303853,0.0
219183,0.0
272162,0.0
149949,0.0
148094,0.0
222012,0.0
268299,0.0
96539,0.0
196119,0.0
206242,0.0
37239,0.0
205961,0.0
321602,0.0
135556,0.0
152229,0.0
138402,0.0
155400,0.0
189075,0.0
177289,0.0
269453,0.0
114827,0.0
227752,0.0
232956,0.0
239974,0.0
118234,0.0
4633,0.0
153934,0.0
220215,0.0
239356,0.0
126605,0.0
295203,0.0
53181,0.0
237708,0.0
152770,0.0
278309,0.0
270093,0.0
245402,0.0
126499,0.0
262497,0.0
185585,0.0
64986,0.0
55849,0.0
278650,0.0
212149,0.0
27300,0.0
283621,0.0
22066,0.0
267112,0.0
219815,0.0
208387,0.0
134350,0.0
336261,0.0
327697,0.0
287171,0.0
272220,0.0
257268,0.0
270276,0.0
164337,0.0
266660,0.0
299933,0.0
129019,0.0
140603,0.0
294011,0.0
138501,0.0
212295,0.0
144656,0.0
25804,0.0
331865,0.0
194358,0.0
216443,0.0
21527,0.0
342661,0.0
180728,0.0
265285,0.0
275433,0.0
164320,0.0
98290,0.0
219605,0.0
322892,0.0
331774,0.0
348026,0.0
122502,0.0
174441,0.0
299859,0.0
343220,0.0
198838,0.0
43205,0.0
72102,0.0
36622,0.0
168231,0.0
38388,0.0
209388,0.0
169299,0.0
63875,0.0
152334,0.0
122270,0.0
206206,0.0
51905,0.0
338721,0.0
65694,0.0
257540,0.0
253585,0.0
27760,0.0
176873,0.0
308130,0.0
139460,0.0
127864,0.0
10883,0.0
10107,0.0
68191,0.0
237052,0.0
35272,0.0
184802,0.0
162670,0.0
43640,0.0
46001,0.0
127010,0.0
237570,0.0
139022,0.0
286293,0.0
158350,0.0
142926,0.0
62882,0.0
217237,0.0
18340,0.0
327764,0.0
87599,0.0
216497,0.0
200876,0.0
184242,0.0
352253,0.0
338792,0.0
81302,0.0
195499,0.0
213375,0.0
50193,0.0
71483,0.0
253548,0.0
193828,0.0
301492,0.0
243769,0.0
177570,0.0
279312,0.0
261115,0.0
92895,0.0
39865,0.0
267685,0.0
201519,0.0
232239,0.0
62712,0.0
11842,0.0
138266,0.0
330053,0.0
303899,0.0
157809,0.0
90933,0.0
206748,0.0
333220,0.0
160050,0.0
297320,0.0
20261,0.0
140598,0.0
102391,0.0
304120,0.0
89277,0.0
34579,0.0
129900,0.0
287502,0.0
320220,0.0
157275,0.0
227876,0.0
57868,0.0
201296,0.0
144610,0.0
174801,0.0
130207,0.0
247570,0.0
339678,0.0
193668,0.0
102912,0.0
293957,0.0
299054,0.0
42822,0.0
351711,0.0
159894,0.0
32079,0.0
124474,0.0
97119,0.0
203034,0.0
175022,0.0
40266,0.0
257045,0.0
110399,0.0
85440,0.0
342935,0.0
301779,0.0
283032,0.0
59585,0.0
202243,0.0
236375,0.0
61019,0.0
131128,0.0
331689,0.0
127450,0.0
201600,0.0
261708,0.0
152067,0.0
233968,0.0
104932,0.0
343629,0.0
15002,0.0
327927,0.0
15344,0.0
10766,0.0
308219,0.0
308031,0.0
87170,0.0
319268,0.0
228357,0.0
163981,0.0
150261,0.0
41184,0.0
151606,0.0
120923,0.0
258347,0.0
105373,0.0
199989,0.0
304654,0.0
139850,0.0
332330,0.0
81838,0.0
123626,0.0
115767,0.0
320637,0.0
233914,0.0
335041,0.0
283348,0.0
6452,0.0
281755,0.0
156411,0.0
187062,0.0
82800,0.0
4869,0.0
159459,0.0
237547,0.0
268935,0.0
177173,0.0
268247,0.0
111934,0.0
352917,0.0
194576,0.0
352423,0.0
14400,0.0
223809,0.0
307481,0.0
204293,0.0
284793,0.0
152519,0.0
294657,0.0
57568,0.0
197063,0.0
3906,0.0
57389,0.0
212516,0.0
287364,0.0
163999,0.0
184488,0.0
51675,0.0
290495,0.0
137986,0.0
72993,0.0
161052,0.0
255718,0.0
258712,0.0
107031,0.0
282472,0.0
25671,0.0
324786,0.0
3376,0.0
275167,0.0
328670,0.0
114367,0.0
240065,0.0
31254,0.0
300653,0.0
209832,0.0
20263,0.0
189577,0.0
259334,0.0
37669,0.0
114084,0.0
308217,0.0
290971,0.0
296248,0.0
190261,0.0
14264,0.0
238158,0.0
129615,0.0
215314,0.0
167605,0.0
316322,0.0
31692,0.0
58804,0.0
7217,0.0
31091,0.0
2123,0.0
115393,0.0
119279,0.0
327921,0.0
176615,0.0
264352,0.0
271296,0.0
67929,0.0
344237,0.0
9724,0.0
23682,0.0
195796,0.0
256538,0.0
335226,0.0
348122,0.0
122894,0.0
99521,0.0
171214,0.0
10745,0.0
197970,0.0
38740,0.0
33712,0.0
262238,0.0
265926,0.0
178135,0.0
308611,0.0
70163,0.0
262437,0.0
223763,0.0
98090,0.0
197887,0.0
55364,0.0
241088,0.0
251582,0.0
180003,0.0
84816,0.0
38032,0.0
116733,0.0
205600,0.0
123792,0.0
164364,0.0
263663,0.0
243533,0.0
245146,0.0
156455,0.0
46173,0.0
161818,0.0
79929,0.0
136008,0.0
47562,0.0
14906,0.0
146283,0.0
105602,0.0
268245,0.0
193305,0.0
51962,0.0
209144,0.0
293714,0.0
349094,0.0
149211,0.0
307180,0.0
232592,0.0
13978,0.0
20044,0.0
73656,0.0
352120,0.0
302828,0.0
249567,0.0
162466,0.0
325212,0.0
35830,0.0
76667,0.0
146211,0.0
292903,0.0
57115,0.0
261879,0.0
156689,0.0
12561,0.0
297883,0.0
342801,0.0
245995,0.0
120196,0.0
240532,0.0
199508,0.0
168556,0.0
46236,0.0
149589,0.0
238779,0.0
22798,0.0
203484,0.0
148799,0.0
122216,0.0
31256,0.0
36470,0.0
203695,0.0
46678,0.0
85147,0.0
5633,0.0
31869,0.0
291981,0.0
39494,0.0
145159,0.0
155563,0.0
191892,0.0
24255,0.0
329514,0.0
137478,0.0
96272,0.0
154886,0.0
260966,0.0
184907,0.0
264319,0.0
312029,0.0
132738,0.0
22593,0.0
166533,0.0
246585,0.0
282014,0.0
91184,0.0
145882,0.0
318296,0.0
176846,0.0
293167,0.0
23088,0.0
69735,0.0
75956,0.0
148928,0.0
112650,0.0
223779,0.0
342624,0.0
55669,0.0
220486,0.0
249395,0.0
269527,0.0
114242,0.0
287694,0.0
239875,0.0
67602,0.0
250319,0.0
352618,0.0
113833,0.0
350766,0.0
15507,0.0
36238,0.0
331844,0.0
231431,0.0
64593,0.0
290183,0.0
94039,0.0
276998,0.0
102979,0.0
337523,0.0
73949,0.0
271768,0.0
260016,0.0
238039,0.0
352099,0.0
59446,0.0
140725,0.0
51808,0.0
222755,1.0
334988,1.0
292536,0.0
103704,0.0
340770,0.0
95468,0.0
12374,0.0
270217,0.0
84939,0.0
51769,0.0
225645,0.0
299936,0.0
42321,0.0
289252,0.0
63018,0.0
336384,0.0
150098,0.0
252707,0.0
23370,0.0
169511,0.0
151833,0.0
186329,0.0
265079,0.0
72859,0.0
42922,0.0
333772,0.0
258032,0.0
3866,0.0
216766,0.0
264604,0.0
27410,0.0
63212,0.0
44461,0.0
39794,0.0
332461,0.0
32212,0.0
343044,0.0
298972,0.0
224233,0.0
27941,0.0
286606,0.0
91573,0.0
153516,0.0
114492,0.0
296882,0.0
232739,0.0
1398,0.0
249446,0.0
145861,0.0
170131,0.0
161248,0.0
327378,0.0
74366,0.0
211056,0.0
118790,0.0
32322,0.0
352155,0.0
181715,0.0
162097,0.0
252626,0.0
336628,0.0
132527,0.0
327218,0.0
343951,0.0
233237,0.0
309886,1.0
130326,0.0
234955,0.0
84392,0.0
182472,0.0
263715,0.0
146429,0.0
306708,0.0
345197,0.0
267378,0.0
3218,0.0
232286,1.0
149453,1.0
105223,1.0
87757,1.0
209998,1.0
326988,0.0
9346,0.0
60542,0.0
92390,0.0
137434,0.0
286583,0.0
168838,0.0
312155,0.0
191961,0.0
87012,0.0
198960,0.0
50093,0.0
292468,0.0
227554,0.0
266752,0.0
282110,0.0
283282,0.0
309,0.0
342652,0.0
130958,0.0
182743,0.0
91300,0.0
121940,0.0
352638,0.0
62024,0.0
328845,0.0
123572,0.0
16266,0.0
88397,0.0
262001,0.0
327551,0.0
67691,0.0
43991,0.0
111887,0.0
76963,0.0
130871,0.0
71206,0.0
296647,0.0
304652,0.0
256257,0.0
333604,0.0
267360,0.0
178074,0.0
220148,0.0
288575,0.0
153087,0.0
173169,0.0
261783,0.0
346909,0.0
254205,0.0
192234,0.0
211710,0.0
329816,0.0
7535,0.0
321238,0.0
85898,0.0
125960,0.0
193301,0.0
183895,0.0
217567,0.0
34299,0.0
285095,0.0
33807,0.0
51223,0.0
339345,0.0
252262,0.0
58044,0.0
277973,0.0
28978,0.0
69979,0.0
177306,0.0
309115,0.0
86545,0.0
73810,0.0
109310,0.0
348273,0.0
74434,0.0
74273,0.0
4655,0.0
237557,0.0
265452,0.0
3822,0.0
94726,0.0
257612,0.0
30705,0.0
305043,0.0
237848,0.0
287667,0.0
51119,0.0
290491,0.0
320823,0.0
268184,0.0
61568,0.0
97302,0.0
152259,0.0
242097,0.0
257990,0.0
216830,0.0
28015,0.0
286788,0.0
169383,0.0
32670,0.0
270198,0.0
110505,0.0
174158,0.0
204949,0.0
273527,0.0
215078,0.0
251588,0.0
231997,0.0
320173,0.0
13047,0.0
318708,0.0
85411,0.0
173067,0.0
324228,0.0
201442,0.0
134758,0.0
224401,0.0
205545,0.0
42647,0.0
248081,0.0
199100,0.0
326538,0.0
210861,0.0
81182,0.0
207804,0.0
254062,1.0
124175,0.0
117311,0.0
141685,0.0
62650,0.0
155530,0.0
69019,0.0
25308,0.0
173571,0.0
109421,0.0
97617,0.0
242895,0.0
260014,0.0
230771,0.0
226343,0.0
68413,0.0
98736,0.0
319714,0.0
254071,0.0
333090,0.0
202904,0.0
269839,0.0
195442,0.0
246724,0.0
247312,0.0
106335,0.0
120022,0.0
314306,0.0
68157,0.0
56793,0.0
171177,0.0
192151,0.0
28210,0.0
160694,0.0
276944,0.0
322158,0.0
134173,0.0
185512,0.0
322276,0.0
204593,0.0
107684,0.0
8619,0.0
196351,0.0
200535,0.0
72053,0.0
165672,0.0
194016,0.0
101444,0.0
248457,0.0
214106,0.0
43216,1.0
221099,0.0
159810,0.0
309227,0.0
266329,0.0
4115,0.0
27553,0.0
317231,0.0
85954,0.0
27524,0.0
20059,0.0
36590,0.0
255665,0.0
164624,0.0
213729,0.0
282214,0.0
164676,0.0
175411,0.0
341536,0.0
261844,0.0
129285,0.0
163195,0.0
64445,0.0
353707,0.0
194155,0.0
338560,0.0
284669,0.0
342420,0.0
227138,0.0
21881,0.0
218149,0.0
55135,0.0
23313,0.0
347934,0.0
188091,0.0
13261,0.0
190257,0.0
225796,0.0
229596,0.0
295822,0.0
255843,0.0
146465,0.0
354025,0.0
4697,0.0
218816,0.0
65973,0.0
276143,0.0
37376,0.0
126724,0.0
129530,0.0
56607,0.0
333330,0.0
350661,0.0
351976,0.0
138574,0.0
79045,0.0
121173,0.0
113175,0.0
167073,0.0
347454,0.0
295640,0.0
11129,0.0
174231,0.0
230902,0.0
58246,0.0
24954,0.0
161204,0.0
132401,0.0
103435,0.0
16813,0.0
215261,0.0
40181,0.0
89305,0.0
233409,0.0
135491,0.0
106954,0.0
207789,0.0
273503,0.0
224465,0.0
42835,0.0
259320,0.0
164307,0.0
220539,0.0
295975,0.0
259662,0.0
330468,0.0
173216,0.0
353287,0.0
24121,0.0
313733,0.0
297863,0.0
246224,0.0
26067,0.0
22135,0.0
201961,0.0
114095,0.0
283908,0.0
339219,0.0
332106,0.0
292088,0.0
210055,0.0
321685,0.0
230948,0.0
47455,0.0
177930,0.0
127245,0.0
21384,0.0
145672,0.0
322977,0.0
142386,0.0
207829,0.0
98104,0.0
172924,0.0
157947,0.0
304463,0.0
95235,0.0
76282,0.0
51638,0.0
125921,0.0
342715,0.0
156690,0.0
323161,0.0
155819,0.0
308433,0.0
174697,0.0
216545,0.0
113218,0.0
85890,0.0
42767,0.0
256335,0.0
80319,0.0
224569,0.0
76227,0.0
20617,0.0
196172,0.0
341514,1.0
93041,0.0
136341,0.0
142395,0.0
119460,0.0
280824,0.0
20756,0.0
128139,0.0
98215,0.0
58129,0.0
119022,0.0
237887,0.0
70510,0.0
232634,0.0
256026,0.0
354153,0.0
152942,0.0
74006,0.0
257410,0.0
155174,0.0
83450,0.0
250495,0.0
4531,0.0
188736,0.0
123191,0.0
81373,0.0
319956,0.0
284284,0.0
22233,0.0
189272,0.0
342087,0.0
265821,0.0
23602,0.0
194816,0.0
286173,0.0
244549,0.0
314811,0.0
5135,0.0
321334,0.0
132965,0.0
331489,0.0
182139,0.0
332492,0.0
31089,0.0
37844,0.0
70674,0.0
49774,0.0
216615,0.0
129029,0.0
108684,0.0
267883,0.0
259670,0.0
262991,0.0
59377,0.0
167842,0.0
350182,0.0
62150,0.0
272310,0.0
137894,0.0
18600,0.0
227666,0.0
149602,0.0
318117,1.0
212036,0.0
295071,0.0
37785,0.0
300882,0.0
327986,0.0
103489,0.0
131774,0.0
117665,0.0
76646,0.0
124397,0.0
219164,0.0
296574,0.0
221239,0.0
50762,0.0
250120,0.0
148775,0.0
216352,0.0
71409,0.0
269810,0.0
100912,0.0
160238,0.0
74375,0.0
152206,0.0
61483,1.0
271121,0.0
99810,0.0
42452,0.0
42800,0.0
309724,0.0
183271,0.0
212033,0.0
289161,0.0
234400,0.0
67819,0.0
15555,0.0
53218,0.0
296596,0.0
42766,0.0
247551,0.0
317509,0.0
167066,0.0
303939,0.0
105785,0.0
176327,0.0
235849,0.0
235116,0.0
64649,0.0
90741,0.0
139792,0.0
190788,0.0
11685,0.0
199388,0.0
265245,0.0
30696,0.0
263672,0.0
151385,0.0
178297,0.0
92376,0.0
310548,0.0
275665,0.0
298965,0.0
175813,0.0
123124,0.0
59000,0.0
352248,0.0
210877,0.0
207111,1.0
25058,0.0
71753,0.0
254373,0.0
98439,0.0
267668,0.0
242990,0.0
340337,0.0
23877,0.0
279832,0.0
273107,0.0
341494,0.0
69087,0.0
128311,0.0
212145,0.0
169694,0.0
37856,0.0
328499,0.0
34556,0.0
142287,0.0
192799,0.0
153832,0.0
178729,0.0
277971,0.0
4289,0.0
171332,0.0
30075,0.0
270626,0.0
191864,0.0
278629,0.0
346326,0.0
65295,0.0
208574,0.0
83155,0.0
197935,0.0
107106,0.0
225812,0.0
348713,0.0
333826,0.0
41838,0.0
191664,0.0
258553,0.0
209077,0.0
341698,0.0
97681,0.0
171673,0.0
98022,0.0
170658,0.0
237473,0.0
83035,0.0
206193,0.0
331797,0.0
85119,0.0
31220,0.0
12816,0.0
36531,0.0
149451,0.0
64516,0.0
33014,0.0
295431,0.0
242979,0.0
133385,0.0
114260,0.0
218251,0.0
75547,0.0
23172,0.0
61514,0.0
277022,0.0
134113,0.0
57762,0.0
261726,0.0
321906,0.0
157340,0.0
309095,0.0
278368,0.0
7643,0.0
148411,0.0
201509,0.0
275972,0.0
149842,0.0
227075,0.0
127523,0.0
219091,0.0
137776,0.0
121760,0.0
343689,0.0
283808,0.0
38868,0.0
116744,0.0
257648,0.0
67811,0.0
111371,0.0
285129,0.0
321110,0.0
51648,0.0
257322,0.0
161094,0.0
121287,1.0
200939,0.0
106036,0.0
57030,0.0
314801,1.0
211774,0.0
135678,0.0
64100,0.0
92803,0.0
119917,0.0
33257,0.0
153157,0.0
223784,0.0
156798,0.0
106644,0.0
112995,0.0
250088,0.0
285968,0.0
208739,0.0
247683,0.0
47053,0.0
103387,0.0
231137,0.0
12063,0.0
343037,0.0
165588,0.0
226013,0.0
37990,0.0
128013,0.0
149806,0.0
109581,0.0
330427,0.0
24009,0.0
95851,0.0
69536,0.0
333892,1.0
136905,0.0
191112,0.0
277890,0.0
98943,0.0
354052,0.0
93982,0.0
251562,0.0
254089,0.0
118156,0.0
52016,0.0
54853,0.0
194704,0.0
173964,0.0
210775,0.0
277661,0.0
312141,0.0
333254,0.0
157563,0.0
278303,0.0
189106,0.0
58349,0.0
23858,0.0
322834,0.0
158331,0.0
320936,0.0
250532,0.0
336120,0.0
309963,0.0
33155,0.0
120209,0.0
207298,0.0
33235,0.0
295262,0.0
73629,0.0
109573,0.0
344288,0.0
250924,0.0
152941,0.0
120837,0.0
325521,0.0
134633,0.0
248410,0.0
41604,0.0
151236,0.0
110929,0.0
198825,0.0
300671,0.0
87025,0.0
139401,0.0
146199,0.0
285105,0.0
264009,0.0
16198,0.0
105116,0.0
294408,0.0
141443,0.0
277234,0.0
197838,0.0
202072,0.0
1840,0.0
68246,0.0
211364,0.0
94861,0.0
68743,0.0
291753,0.0
224949,0.0
159178,0.0
173670,0.0
216235,0.0
57338,0.0
19345,0.0
57272,0.0
45506,0.0
95180,0.0
348533,0.0
182271,0.0
293862,0.0
326995,0.0
300579,0.0
312379,0.0
248478,0.0
19767,0.0
311171,0.0
269391,0.0
300378,0.0
172173,0.0
270076,0.0
159054,0.0
224620,0.0
80099,0.0
335222,0.0
194967,0.0
73921,0.0
237409,0.0
329586,0.0
347806,0.0
321153,0.0
171753,0.0
258728,0.0
149290,0.0
121053,0.0
329403,0.0
343011,0.0
110791,0.0
337201,0.0
173491,0.0
65132,0.0
45071,0.0
319283,0.0
350739,0.0
33319,0.0
335081,0.0
16528,0.0
217261,0.0
27628,0.0
47531,0.0
299186,0.0
168642,0.0
114202,0.0
171529,0.0
29783,0.0
69598,0.0
81405,0.0
112988,0.0
154943,0.0
10944,0.0
185973,0.0
292247,0.0
118349,0.0
107673,0.0
325103,0.0
234806,0.0
224291,0.0
168776,0.0
72794,0.0
163394,0.0
135910,0.0
8933,0.0
52733,0.0
28254,0.0
227538,0.0
89314,0.0
146641,0.0
264847,0.0
327467,0.0
180342,1.0
214580,0.0
142819,0.0
313447,0.0
188448,0.0
292490,0.0
41019,0.0
125299,0.0
112347,0.0
279533,0.0
301140,0.0
349893,0.0
181230,0.0
328754,0.0
49565,0.0
17562,0.0
195644,0.0
297202,0.0
314200,0.0
217925,0.0
168465,0.0
200338,0.0
178546,0.0
352401,0.0
36205,0.0
122685,0.0
231704,0.0
267876,0.0
144243,0.0
121032,0.0
186099,0.0
320216,0.0
248311,0.0
221656,0.0
300828,0.0
117768,0.0
257875,0.0
306377,0.0
326377,0.0
97207,0.0
244696,0.0
41418,0.0
172166,0.0
161610,0.0
341521,0.0
232784,0.0
133675,0.0
251182,0.0
122725,0.0
309670,0.0
54679,0.0
46711,0.0
317427,0.0
26768,0.0
178278,0.0
139841,0.0
255821,0.0
310082,0.0
334838,0.0
287110,0.0
150355,0.0
351869,0.0
254995,0.0
100327,0.0
148249,0.0
233454,0.0
19235,0.0
38372,0.0
291420,0.0
302825,0.0
113787,0.0
177356,0.0
7033,0.0
90856,0.0
168608,0.0
99900,0.0
201211,0.0
19714,0.0
184343,0.0
13453,0.0
122589,0.0
137558,0.0
310135,0.0
339377,0.0
202477,0.0
10666,0.0
118187,0.0
118499,0.0
104046,0.0
214340,0.0
288902,0.0
38291,0.0
324319,0.0
121083,0.0
203759,0.0
110483,0.0
243998,0.0
211093,0.0
52968,0.0
289345,0.0
17294,0.0
220944,0.0
159143,0.0
100700,0.0
47435,0.0
199136,0.0
251626,0.0
92430,0.0
79836,0.0
77285,0.0
17469,0.0
333089,0.0
81635,0.0
189379,0.0
33668,0.0
214854,0.0
63431,0.0
62817,0.0
54700,0.0
51680,0.0
331803,0.0
115121,0.0
39836,0.0
241819,0.0
183596,0.0
324211,0.0
6217,0.0
337429,0.0
288237,0.0
85050,0.0
45125,0.0
6558,0.0
181575,0.0
308484,0.0
109826,0.0
47219,0.0
179937,0.0
75101,0.0
251018,0.0
125268,0.0
296775,0.0
327353,0.0
50767,0.0
329131,0.0
348375,0.0
227829,0.0
112039,0.0
35227,0.0
102628,0.0
264876,0.0
271687,0.0
151887,0.0
70105,0.0
327893,0.0
81159,0.0
230615,0.0
107253,0.0
22073,0.0
16004,0.0
335406,0.0
218715,0.0
268078,0.0
22848,0.0
10842,0.0
271814,0.0
84217,0.0
31323,0.0
280214,0.0
200154,0.0
339479,0.0
1849,0.0
225557,0.0
69672,0.0
133770,0.0
102395,0.0
175085,0.0
238443,0.0
238590,0.0
15627,0.0
242327,0.0
54487,0.0
40019,0.0
94754,0.0
348692,0.0
180183,0.0
26528,0.0
97941,0.0
16727,0.0
347261,0.0
58344,0.0
107188,0.0
219659,0.0
288030,0.0
59044,0.0
37358,0.0
281844,0.0
145302,0.0
77941,0.0
351004,0.0
283832,0.0
278648,0.0
339163,0.0
76426,0.0
297565,0.0
329970,0.0
219678,0.0
131831,0.0
304140,0.0
291432,0.0
178904,0.0
325420,0.0
313905,1.0
39415,0.0
313525,0.0
308815,0.0
192089,0.0
113943,0.0
347109,0.0
236962,0.0
150498,0.0
311691,0.0
253866,0.0
218971,0.0
265977,0.0
135031,0.0
304567,0.0
305139,0.0
39296,0.0
176129,0.0
267690,0.0
325242,0.0
79005,0.0
143338,0.0
223934,0.0
39909,0.0
275865,0.0
167972,0.0
48911,0.0
299435,0.0
273404,0.0
206235,0.0
260908,0.0
223063,0.0
333179,0.0
117281,0.0
300943,0.0
346466,0.0
173214,0.0
21128,0.0
68726,0.0
351952,0.0
112766,0.0
93659,0.0
11374,0.0
261226,0.0
140965,0.0
258951,0.0
234447,0.0
196921,0.0
191304,1.0
147911,0.0
301830,0.0
41735,0.0
172362,0.0
216337,0.0
343140,0.0
178760,0.0
50299,0.0
158683,0.0
189527,0.0
28244,0.0
312210,0.0
156644,0.0
259285,0.0
112964,1.0
255103,0.0
318419,0.0
36440,0.0
295131,0.0
76789,0.0
175948,0.0
165372,0.0
51620,0.0
290445,0.0
157708,0.0
99058,0.0
101339,0.0
338321,0.0
9973,0.0
341970,0.0
116108,0.0
53353,0.0
267429,0.0
297040,0.0
9726,0.0
256269,0.0
282645,0.0
77150,0.0
324346,0.0
72489,0.0
104459,0.0
268097,0.0
279180,0.0
15423,0.0
320297,0.0
218070,0.0
6024,0.0
129670,0.0
204834,0.0
188960,0.0
216393,0.0
220381,0.0
327960,0.0
276653,0.0
87630,0.0
174392,0.0
82941,0.0
60094,0.0
208414,0.0
285858,0.0
125203,0.0
318350,0.0
87622,0.0
254804,0.0
294286,0.0
341942,0.0
140355,0.0
85656,0.0
134223,0.0
24471,0.0
164419,0.0
269225,0.0
131695,0.0
156738,0.0
140715,0.0
276162,0.0
111501,0.0
165605,0.0
120032,0.0
53720,0.0
301360,0.0
201342,0.0
320541,0.0
198811,0.0
103037,0.0
333693,0.0
2062,0.0
127425,0.0
155216,0.0
53469,0.0
215912,0.0
10167,0.0
144731,0.0
9010,0.0
180372,0.0
230973,0.0
70300,0.0
115851,0.0
196584,0.0
123492,0.0
212703,0.0
248837,0.0
19204,0.0
44272,0.0
191171,0.0
261596,0.0
191361,0.0
246440,0.0
291076,0.0
48784,0.0
19548,0.0
313488,0.0
74831,0.0
211032,0.0
266085,0.0
54790,0.0
61282,0.0
317529,0.0
121350,0.0
84381,0.0
159523,0.0
206690,0.0
321800,0.0
107977,0.0
232059,0.0
132257,0.0
290703,0.0
279708,0.0
328386,0.0
138827,0.0
97963,0.0
147670,1.0
74403,0.0
137189,0.0
294629,0.0
200932,0.0
72968,0.0
315427,0.0
298167,0.0
85212,0.0
284054,0.0
19127,0.0
2676,0.0
256271,0.0
177120,0.0
218718,0.0
78318,0.0
221606,0.0
246084,0.0
247884,0.0
247017,0.0
260092,0.0
116645,0.0
350382,0.0
166310,0.0
322630,0.0
17834,0.0
243633,0.0
120272,0.0
322179,0.0
2726,0.0
50088,0.0
13173,0.0
298561,0.0
150024,0.0
92325,0.0
254649,0.0
347082,0.0
54077,0.0
286334,0.0
266505,0.0
349619,0.0
310596,0.0
42316,0.0
16773,0.0
47916,0.0
331258,0.0
204125,0.0
57122,0.0
43501,0.0
154576,0.0
47419,0.0
229623,0.0
125003,0.0
238724,0.0
156231,0.0
240879,0.0
188361,0.0
158875,0.0
165601,0.0
69322,0.0
266901,0.0
118214,0.0
260079,0.0
317272,0.0
253019,0.0
253554,0.0
68979,0.0
215968,0.0
18383,0.0
34646,0.0
348756,0.0
170620,0.0
144537,0.0
227598,0.0
137500,0.0
44284,0.0
223795,0.0
78744,0.0
322016,0.0
310547,0.0
278785,0.0
4478,0.0
11719,0.0
20969,0.0
302862,0.0
89862,0.0
338607,0.0
207146,0.0
329992,0.0
348255,0.0
77527,0.0
3857,0.0
176418,0.0
297206,0.0
234736,0.0
298305,0.0
267111,0.0
146247,0.0
268706,0.0
315046,0.0
199703,0.0
196323,0.0
40253,0.0
76625,0.0
17139,0.0
312842,0.0
237357,0.0
245673,0.0
126881,0.0
197141,0.0
36941,0.0
73639,0.0
83687,0.0
302393,0.0
82695,0.0
124330,0.0
20572,0.0
330043,0.0
51844,0.0
108141,0.0
45129,0.0
167062,0.0
13232,0.0
158775,0.0
240333,0.0
90023,0.0
351477,0.0
307045,0.0
278998,0.0
248018,0.0
102122,0.0
189876,0.0
120797,0.0
297155,0.0
152165,0.0
279550,0.0
313579,0.0
243981,0.0
144661,0.0
197172,0.0
9632,0.0
231075,0.0
179308,0.0
175757,0.0
40735,0.0
340653,0.0
253815,0.0
274856,0.0
269199,0.0
320831,0.0
155137,0.0
347895,0.0
80179,0.0
80576,0.0
121275,0.0
103128,0.0
229187,0.0
54562,0.0
114406,0.0
14861,0.0
3642,0.0
176730,0.0
61975,0.0
230524,0.0
251682,0.0
204875,0.0
82513,0.0
215438,0.0
338115,0.0
274177,1.0
266817,0.0
92561,0.0
102265,0.0
304571,0.0
66327,0.0
331145,0.0
308495,0.0
111154,0.0
18798,0.0
126263,0.0
104903,0.0
319568,0.0
170508,0.0
100508,0.0
87285,0.0
316924,0.0
117876,0.0
109744,0.0
340973,0.0
347853,0.0
45045,0.0
74594,0.0
72107,1.0
32409,0.0
148063,0.0
297007,0.0
82700,0.0
89240,0.0
119980,0.0
316048,0.0
317796,0.0
311544,0.0
288493,0.0
195149,0.0
108109,0.0
279736,0.0
319837,0.0
63440,0.0
196176,0.0
241269,0.0
311946,0.0
350689,0.0
242119,0.0
126945,0.0
250273,0.0
169711,0.0
38208,0.0
93862,0.0
300139,0.0
287948,0.0
117149,0.0
321980,0.0
109442,0.0
156358,0.0
229986,0.0
11975,0.0
275714,0.0
208018,0.0
236765,0.0
351233,0.0
296669,0.0
20528,0.0
307561,0.0
411,0.0
263512,0.0
281333,0.0
348093,0.0
182592,0.0
115097,0.0
165399,0.0
300403,0.0
68548,0.0
353102,0.0
68193,0.0
212347,0.0
344951,0.0
15017,0.0
239515,0.0
8320,0.0
16764,0.0
263848,0.0
1932,0.0
183839,0.0
76830,0.0
1359,0.0
103471,0.0
203580,0.0
67893,0.0
28255,0.0
8312,0.0
87096,0.0
280429,0.0
65061,0.0
41701,0.0
197161,0.0
170166,0.0
230426,0.0
192384,0.0
24842,0.0
295843,1.0
120474,0.0
258675,0.0
236403,0.0
96589,0.0
32640,0.0
295615,0.0
260947,0.0
210088,0.0
95762,0.0
94688,0.0
280313,0.0
164495,0.0
109618,0.0
171462,0.0
245497,0.0
22235,0.0
187241,0.0
44969,0.0
63383,0.0
140136,0.0
79141,0.0
226376,0.0
296133,0.0
145178,0.0
294387,0.0
6918,0.0
242283,0.0
122857,0.0
268028,0.0
172852,0.0
315915,0.0
235512,0.0
323212,0.0
37975,0.0
28527,0.0
98671,0.0
185831,0.0
154371,0.0
56486,0.0
158677,0.0
58570,0.0
129923,0.0
123182,0.0
195244,0.0
321933,0.0
305238,0.0
46590,0.0
68883,0.0
145941,0.0
71204,0.0
335203,0.0
215062,0.0
280036,0.0
127026,0.0
63782,0.0
129304,0.0
222979,0.0
25743,0.0
238030,0.0
16834,0.0
353858,0.0
305995,0.0
226912,0.0
190560,0.0
145520,0.0
204845,0.0
323208,0.0
162699,0.0
56827,0.0
22979,0.0
40658,0.0
244235,0.0
77147,0.0
26424,0.0
128976,0.0
80700,0.0
230392,0.0
97319,0.0
328736,0.0
242174,0.0
24920,0.0
168373,0.0
38880,0.0
160013,0.0
162860,0.0
15105,0.0
151720,0.0
206924,0.0
281035,0.0
292826,0.0
147945,0.0
189829,0.0
165789,0.0
245282,0.0
20398,0.0
19918,0.0
3248,0.0
158339,0.0
261616,0.0
168163,0.0
302499,0.0
304042,1.0
2188,0.0
264346,0.0
81649,0.0
30028,0.0
331015,0.0
156092,0.0
28352,0.0
107098,0.0
167426,0.0
104344,0.0
13110,0.0
268757,0.0
185873,0.0
202699,0.0
227998,0.0
232422,0.0
351910,0.0
13310,0.0
183581,0.0
188048,0.0
10251,0.0
130696,0.0
238810,0.0
269809,0.0
230356,0.0
171238,0.0
21114,0.0
12379,0.0
141367,0.0
145310,0.0
121182,0.0
302865,0.0
284943,0.0
260558,0.0
44645,0.0
304287,0.0
101217,0.0
239167,0.0
42196,0.0
45788,0.0
73938,0.0
96034,0.0
61928,0.0
127512,0.0
67755,0.0
209417,0.0
183533,0.0
196551,0.0
249929,0.0
137344,0.0
194338,0.0
285522,0.0
323098,0.0
172590,0.0
286223,0.0
283016,0.0
59802,0.0
193163,0.0
31588,0.0
150343,0.0
197507,0.0
164403,0.0
92719,0.0
352986,0.0
27280,0.0
122617,0.0
108983,0.0
255350,0.0
245505,0.0
259115,0.0
238444,0.0
7078,0.0
237031,0.0
41030,0.0
262192,0.0
176833,0.0
32310,0.0
52807,0.0
167382,0.0
120322,0.0
220058,0.0
313592,0.0
271689,0.0
182808,0.0
191343,0.0
132160,0.0
186956,0.0
251400,0.0
71858,0.0
19201,0.0
143345,0.0
212757,0.0
118969,0.0
96010,0.0
168327,0.0
348235,0.0
335181,0.0
63872,0.0
142802,0.0
224143,0.0
301937,0.0
159616,0.0
15891,0.0
261296,0.0
345966,0.0
301352,1.0
30074,0.0
93221,0.0
131326,0.0
96128,0.0
172497,1.0
331413,0.0
166207,0.0
128980,0.0
244777,0.0
81459,0.0
162051,0.0
295485,0.0
131207,0.0
157131,0.0
52503,1.0
322373,0.0
26477,0.0
130463,0.0
93812,0.0
213391,0.0
341123,0.0
335200,0.0
22168,0.0
93888,0.0
332579,0.0
231636,0.0
336133,0.0
163182,0.0
348262,0.0
354199,0.0
140421,0.0
190757,0.0
330742,0.0
77419,0.0
301077,0.0
329741,0.0
112043,0.0
315762,0.0
250127,0.0
54047,0.0
159399,0.0
290294,0.0
239250,0.0
178435,0.0
288566,0.0
172469,0.0
14182,0.0
342397,0.0
243643,0.0
231024,0.0
343213,0.0
81010,0.0
220185,0.0
245471,0.0
50365,0.0
204117,0.0
239298,0.0
44660,0.0
162660,0.0
8279,0.0
134245,0.0
58472,0.0
102275,0.0
135151,0.0
228769,0.0
116317,0.0
164888,0.0
38762,0.0
138614,0.0
306956,0.0
238214,0.0
324722,0.0
127995,0.0
129987,0.0
92327,0.0
332500,0.0
291258,0.0
270852,0.0
113604,0.0
38039,0.0
233545,0.0
232903,0.0
186168,0.0
338630,0.0
305247,0.0
112219,0.0
7297,0.0
11932,0.0
141031,0.0
249433,0.0
29803,0.0
20115,0.0
203208,0.0
278120,0.0
88920,0.0
246911,0.0
101419,0.0
182463,0.0
30919,0.0
197578,0.0
205559,0.0
127806,0.0
112445,0.0
102594,0.0
231925,0.0
2935,0.0
172241,0.0
4220,0.0
317088,0.0
32278,0.0
17694,0.0
291146,0.0
83914,0.0
185773,0.0
262486,0.0
321995,0.0
193036,0.0
133357,0.0
208307,0.0
261532,0.0
227938,0.0
1801,0.0
7438,0.0
350206,0.0
47836,0.0
258445,0.0
160890,0.0
120804,0.0
3915,0.0
320310,0.0
171904,0.0
164277,1.0
29799,0.0
30152,0.0
32195,0.0
258950,0.0
215410,0.0
195466,0.0
78063,0.0
218634,0.0
210644,0.0
293465,0.0
353507,0.0
77577,0.0
329858,0.0
314404,0.0
318007,0.0
291009,0.0
124915,0.0
243583,0.0
260592,0.0
246207,0.0
343034,0.0
16175,0.0
155333,0.0
75406,0.0
139500,0.0
72106,0.0
256515,0.0
289516,0.0
111806,0.0
45388,0.0
72685,0.0
327981,0.0
251370,0.0
259056,0.0
176163,0.0
231824,0.0
237307,0.0
333784,0.0
139149,0.0
346363,0.0
8386,0.0
51703,0.0
302543,0.0
34737,0.0
235206,0.0
330302,0.0
93824,0.0
323812,1.0
192019,0.0
242312,0.0
81103,0.0
97107,1.0
54865,0.0
336627,0.0
146379,0.0
45589,0.0
65764,0.0
347528,0.0
60436,0.0
295846,0.0
122693,0.0
283244,0.0
214056,0.0
177964,0.0
351604,0.0
162489,0.0
316531,0.0
100856,0.0
171028,0.0
25734,0.0
267509,0.0
200967,0.0
339530,0.0
340684,0.0
156426,0.0
239102,0.0
282216,0.0
243543,0.0
254018,0.0
290241,0.0
109775,0.0
56248,0.0
8365,0.0
286832,0.0
192358,0.0
209461,0.0
113696,0.0
5496,0.0
7008,0.0
261370,0.0
230435,0.0
140095,0.0
306239,0.0
394,0.0
266356,0.0
317536,0.0
246886,0.0
78039,0.0
133238,0.0
311303,0.0
157022,0.0
300361,0.0
338364,0.0
85430,0.0
146632,0.0
145504,0.0
257504,0.0
242034,0.0
173479,0.0
247258,0.0
291135,0.0
66807,0.0
275601,0.0
131253,0.0
149740,0.0
230511,0.0
265504,0.0
307784,0.0
220666,0.0
149389,0.0
115514,0.0
314993,0.0
293130,0.0
6316,1.0
186298,0.0
149222,0.0
47213,0.0
303451,0.0
176733,0.0
281811,0.0
155713,0.0
301193,0.0
14776,0.0
310108,0.0
118878,0.0
87667,0.0
156985,0.0
157580,1.0
253707,0.0
297214,1.0
148676,0.0
127370,0.0
257449,0.0
115684,0.0
321145,0.0
152567,0.0
328834,0.0
194836,0.0
193292,0.0
268110,0.0
265188,0.0
85812,0.0
236079,0.0
196038,1.0
141541,0.0
96651,0.0
293681,0.0
95903,0.0
197960,0.0
39105,0.0
89112,0.0
139462,0.0
188600,0.0
288274,0.0
46833,0.0
249404,0.0
251192,0.0
105468,0.0
33368,0.0
150683,1.0
334078,0.0
63763,0.0
6836,0.0
165475,0.0
228351,0.0
261166,0.0
98405,0.0
261110,0.0
176952,0.0
346272,0.0
88689,0.0
141171,0.0
310742,0.0
209266,0.0
121137,0.0
219607,0.0
186414,0.0
196315,0.0
268852,0.0
81404,0.0
57473,0.0
218844,0.0
79527,0.0
44823,0.0
317203,0.0
213940,0.0
58544,0.0
214665,0.0
351117,0.0
227405,0.0
139146,1.0
304250,0.0
290003,0.0
49779,0.0
84851,0.0
200227,0.0
287444,0.0
34474,0.0
258797,0.0
180237,0.0
59473,0.0
74649,0.0
69826,0.0
40149,0.0
213030,0.0
281892,0.0
29521,0.0
312545,0.0
247505,0.0
19446,0.0
170743,0.0
160327,0.0
149337,0.0
303145,0.0
95234,0.0
177517,0.0
2629,0.0
341600,0.0
214744,0.0
154368,0.0
44498,0.0
246673,0.0
82640,0.0
257865,0.0
145615,0.0
117475,0.0
128995,0.0
54699,0.0
126941,0.0
129316,0.0
100109,0.0
25247,0.0
333168,0.0
24235,0.0
190068,0.0
195383,0.0
17641,0.0
326491,0.0
1169,0.0
199306,0.0
179153,1.0
106292,0.0
331374,0.0
346626,0.0
47949,0.0
286515,0.0
60064,0.0
267538,0.0
233873,0.0
53635,0.0
194521,0.0
108828,0.0
8353,0.0
297280,0.0
218824,0.0
188900,0.0
22270,0.0
64684,0.0
201978,0.0
257232,0.0
75965,0.0
318810,0.0
217022,0.0
264170,0.0
253578,0.0
320149,0.0
201362,0.0
208039,0.0
326950,0.0
262493,0.0
24496,0.0
130855,0.0
19056,0.0
258572,0.0
273554,0.0
21212,0.0
299436,0.0
192410,0.0
50965,0.0
11495,0.0
116758,0.0
185755,0.0
205408,0.0
140697,0.0
204495,0.0
80453,0.0
40489,0.0
46646,0.0
140039,0.0
22998,0.0
308114,0.0
37673,0.0
101336,0.0
234417,0.0
286393,0.0
178273,0.0
43575,0.0
271461,0.0
13993,0.0
223175,0.0
260776,0.0
353384,0.0
235215,0.0
19805,0.0
79391,0.0
239192,0.0
52046,0.0
291124,0.0
351767,0.0
64021,0.0
306740,0.0
271540,0.0
79729,0.0
147469,0.0
43831,0.0
77400,0.0
15324,0.0
133977,0.0
86796,0.0
173317,0.0
218121,0.0
147401,0.0
275075,0.0
110801,1.0
37335,0.0
253997,0.0
94425,0.0
271799,0.0
875,0.0
164921,0.0
286228,0.0
6809,0.0
309944,0.0
302224,0.0
241999,0.0
195335,0.0
304568,0.0
142485,0.0
289207,0.0
179224,0.0
169410,0.0
336927,0.0
127758,0.0
269539,0.0
277437,0.0
205392,0.0
145381,0.0
59609,0.0
147957,0.0
260176,1.0
339838,0.0
61367,0.0
154056,0.0
43936,0.0
227936,0.0
332266,0.0
253206,0.0
72674,0.0
50500,0.0
43629,0.0
119138,0.0
176365,0.0
170321,0.0
202170,0.0
65260,0.0
324785,0.0
210187,1.0
65614,0.0
45451,0.0
134934,0.0
232807,0.0
137453,0.0
183301,1.0
253060,1.0
318198,0.0
142891,0.0
294900,0.0
28507,0.0
68890,0.0
344585,0.0
317497,0.0
206312,0.0
1450,0.0
132852,0.0
168469,0.0
18346,0.0
77610,0.0
277444,0.0
338293,0.0
205721,0.0
290692,0.0
311188,0.0
245639,0.0
121647,0.0
34648,0.0
119465,0.0
233693,0.0
60168,0.0
308871,0.0
7175,0.0
36631,0.0
291096,0.0
242231,0.0
125528,0.0
70925,0.0
278149,0.0
164472,0.0
185217,0.0
240266,0.0
19786,0.0
48121,0.0
78349,0.0
216038,0.0
218988,0.0
81514,0.0
270304,0.0
185651,0.0
13497,0.0
317752,0.0
65135,0.0
108665,0.0
307420,0.0
233278,0.0
78312,0.0
287442,0.0
222094,0.0
31356,0.0
346177,0.0
220173,0.0
56525,0.0
257306,0.0
177318,0.0
181620,0.0
101657,0.0
202314,0.0
328304,0.0
258692,0.0
54362,0.0
17723,0.0
173805,0.0
9506,0.0
233231,0.0
264086,0.0
332411,0.0
73683,0.0
302037,0.0
170875,0.0
252448,0.0
46105,0.0
210783,0.0
133666,0.0
349047,0.0
82662,0.0
260443,0.0
339044,1.0
175494,0.0
268318,0.0
256696,0.0
341324,0.0
325632,0.0
146470,0.0
304479,0.0
300264,0.0
284613,0.0
109044,0.0
191246,0.0
168113,0.0
258014,0.0
306727,0.0
249342,0.0
166046,0.0
53320,0.0
252234,0.0
303617,0.0
325009,0.0
120960,0.0
156570,0.0
82664,0.0
21979,0.0
331084,0.0
111613,0.0
222494,0.0
257638,0.0
50143,0.0
215479,0.0
71629,0.0
333236,0.0
52250,0.0
63904,0.0
117611,0.0
114628,0.0
192244,1.0
108345,0.0
299462,0.0
190060,0.0
241035,0.0
198376,0.0
109284,0.0
331024,0.0
97259,0.0
263764,0.0
255911,0.0
305808,0.0
105186,0.0
287633,0.0
252238,0.0
339068,0.0
70250,1.0
351446,0.0
223687,0.0
94625,0.0
249057,0.0
67228,0.0
35613,0.0
272634,0.0
322864,0.0
30010,0.0
330416,0.0
94456,0.0
181626,0.0
330632,0.0
332414,0.0
163646,0.0
106386,0.0
10113,0.0
192327,0.0
237806,0.0
331802,1.0
85762,1.0
114122,1.0
98909,0.0
260214,0.0
225179,0.0
334858,0.0
55158,0.0
327890,0.0
229038,0.0
44137,0.0
64922,0.0
203634,0.0
5375,0.0
107022,0.0
214279,0.0
117638,0.0
319986,0.0
138293,0.0
259523,0.0
57942,0.0
18773,0.0
182917,0.0
86236,0.0
78969,0.0
46072,0.0
195264,0.0
144162,0.0
162891,0.0
11841,0.0
289194,0.0
144167,0.0
84728,0.0
99351,0.0
149466,0.0
79393,0.0
197871,0.0
113182,0.0
209926,0.0
119067,0.0
304019,0.0
98954,0.0
49801,0.0
348037,0.0
153318,0.0
142975,0.0
107565,0.0
130642,0.0
179905,0.0
81395,0.0
311734,0.0
331252,0.0
62665,0.0
215298,0.0
10747,0.0
184472,0.0
109864,0.0
184153,0.0
37161,0.0
152966,0.0
161126,0.0
51070,0.0
186233,0.0
55936,0.0
175590,0.0
128098,0.0
265108,0.0
55595,0.0
55486,0.0
320489,0.0
171687,0.0
294342,0.0
118731,0.0
319957,0.0
192851,0.0
10314,0.0
167324,0.0
342708,0.0
187070,0.0
132444,0.0
104566,0.0
350180,0.0
162330,0.0
23429,0.0
232769,0.0
37480,0.0
341763,0.0
30260,0.0
180548,0.0
145773,0.0
290334,0.0
150482,0.0
257211,0.0
335740,0.0
14900,0.0
4442,1.0
29020,0.0
344918,0.0
171011,0.0
316014,0.0
181336,0.0
279439,0.0
116680,0.0
248855,1.0
255288,0.0
175309,0.0
24039,0.0
84222,0.0
322971,0.0
194493,0.0
136465,0.0
337327,0.0
324692,0.0
65713,0.0
242716,0.0
108245,0.0
173729,0.0
312163,0.0
49841,0.0
218956,0.0
255485,0.0
173056,0.0
86848,0.0
298025,0.0
321408,0.0
352031,0.0
99225,0.0
38700,0.0
119159,0.0
329841,0.0
212097,0.0
11472,0.0
67442,0.0
2601,0.0
32552,0.0
110626,0.0
175410,0.0
253359,0.0
87660,0.0
160060,0.0
259165,0.0
88708,0.0
158974,0.0
255080,0.0
10088,0.0
190229,0.0
71349,0.0
257950,0.0
285461,0.0
292656,0.0
278030,0.0
342027,0.0
226407,0.0
172865,0.0
130853,0.0
91150,0.0
197491,0.0
16389,0.0
243657,0.0
247694,0.0
77718,0.0
336430,0.0
165326,0.0
227751,0.0
328037,0.0
324499,0.0
106334,0.0
273091,0.0
331856,0.0
238171,0.0
287863,0.0
131502,0.0
64387,0.0
290843,0.0
49519,0.0
330844,0.0
339491,0.0
237130,0.0
153783,0.0
339052,0.0
353647,0.0
39434,0.0
38693,0.0
86895,0.0
278051,0.0
267846,0.0
95397,0.0
13150,0.0
8868,0.0
153721,0.0
350247,0.0
214109,0.0
235453,0.0
158673,0.0
196134,0.0
133691,0.0
243494,0.0
76446,0.0
137847,0.0
32112,0.0
274608,0.0
249191,0.0
156785,0.0
29953,0.0
165145,0.0
80586,0.0
70108,0.0
96051,0.0
19245,0.0
243093,0.0
346212,0.0
107095,0.0
52035,0.0
330180,0.0
264683,1.0
34171,0.0
42789,0.0
264637,0.0
299982,0.0
303783,0.0
226084,0.0
64864,0.0
45251,0.0
192126,0.0
210030,0.0
131699,0.0
188164,0.0
183318,0.0
316918,0.0
317739,0.0
225499,0.0
291852,0.0
350711,0.0
13827,0.0
56891,0.0
317445,0.0
19136,0.0
71531,0.0
334898,0.0
67581,0.0
75396,0.0
259763,0.0
69496,0.0
225466,0.0
160984,0.0
11539,0.0
312816,0.0
198783,0.0
256559,0.0
127053,0.0
310201,0.0
127027,0.0
20434,0.0
20886,0.0
148315,0.0
28586,0.0
133346,0.0
115843,0.0
110009,0.0
290146,0.0
97795,0.0
111513,0.0
7020,0.0
271834,0.0
306902,0.0
155642,0.0
343789,0.0
336034,0.0
238843,0.0
275432,0.0
301635,1.0
18013,0.0
288424,0.0
141717,0.0
71780,0.0
233320,0.0
13031,0.0
301654,0.0
19237,0.0
102876,0.0
234970,0.0
201502,0.0
307274,0.0
256587,0.0
101398,0.0
159716,0.0
303535,0.0
306744,0.0
82723,0.0
136510,0.0
10441,0.0
305371,0.0
316219,0.0
313391,0.0
52184,0.0
288642,0.0
196424,0.0
346588,0.0
13002,0.0
348326,0.0
344148,0.0
72775,0.0
22318,0.0
318690,0.0
189923,0.0
141323,0.0
174268,0.0
158027,0.0
325210,0.0
137603,0.0
348626,0.0
138044,0.0
196823,0.0
260572,0.0
126642,0.0
86726,0.0
92077,0.0
232435,0.0
71883,0.0
89183,0.0
146612,0.0
207956,0.0
115968,0.0
340655,0.0
297630,0.0
86156,0.0
144879,0.0
189624,0.0
41782,0.0
123619,0.0
288388,0.0
214550,0.0
311628,0.0
242450,0.0
321726,0.0
308247,0.0
135016,0.0
84862,0.0
59350,0.0
6536,0.0
274057,0.0
82727,0.0
144499,0.0
25736,0.0
258900,0.0
229863,0.0
96,0.0
316632,0.0
249414,0.0
25038,1.0
322502,0.0
224025,0.0
103388,0.0
49409,0.0
344524,0.0
53026,0.0
25898,0.0
72321,0.0
313680,0.0
70862,0.0
273916,0.0
122799,0.0
278453,0.0
172013,0.0
324227,0.0
229208,0.0
106429,0.0
323776,0.0
179323,0.0
154432,0.0
53434,0.0
77021,0.0
195195,0.0
271202,0.0
161494,0.0
239081,0.0
206716,0.0
277026,0.0
197929,0.0
44162,0.0
183412,0.0
241653,0.0
234886,0.0
330373,0.0
226477,0.0
220569,0.0
3269,0.0
230518,0.0
284546,0.0
344257,0.0
5071,0.0
147779,0.0
92762,0.0
248940,0.0
192846,0.0
62838,0.0
77616,1.0
94427,0.0
97406,0.0
193840,0.0
268771,0.0
46691,0.0
214875,0.0
172962,0.0
30021,0.0
328579,1.0
205553,0.0
163460,0.0
130301,0.0
119045,0.0
19001,0.0
3160,0.0
321653,0.0
201168,0.0
33283,0.0
14513,0.0
177561,0.0
90515,0.0
346039,0.0
96671,0.0
48899,0.0
125166,0.0
222943,0.0
162000,0.0
122340,0.0
50676,0.0
182551,0.0
128620,0.0
136162,0.0
136359,0.0
52199,0.0
109321,0.0
183742,0.0
285917,0.0
191890,0.0
252993,0.0
101107,0.0
39648,0.0
66902,0.0
200437,0.0
43656,0.0
59437,1.0
327487,0.0
150605,0.0
233478,0.0
65775,0.0
289548,0.0
138990,0.0
336068,0.0
28401,0.0
176656,0.0
301038,0.0
340536,0.0
164804,0.0
210533,0.0
194051,0.0
51786,0.0
211931,0.0
5550,0.0
98688,0.0
353100,0.0
116260,0.0
130211,0.0
7372,0.0
73436,0.0
322769,0.0
194030,0.0
102913,0.0
331305,0.0
62482,0.0
33883,0.0
292327,0.0
306156,0.0
145179,0.0
335479,0.0
301088,0.0
203466,0.0
163660,0.0
209564,0.0
96971,0.0
187964,0.0
335167,0.0
235784,0.0
302217,0.0
174500,0.0
243246,0.0
205488,0.0
317230,0.0
15050,0.0
45785,0.0
120604,0.0
344064,0.0
214616,0.0
88483,0.0
323093,0.0
331018,0.0
252480,0.0
175847,0.0
9700,0.0
149207,0.0
111752,0.0
306701,0.0
232937,0.0
134316,0.0
114732,0.0
91935,0.0
72345,0.0
94637,0.0
11583,0.0
308676,0.0
297208,0.0
119684,0.0
193494,0.0
277852,0.0
246988,0.0
42334,0.0
214924,0.0
34774,0.0
207354,0.0
83553,0.0
302917,0.0
316288,0.0
70985,0.0
27832,0.0
342959,1.0
21300,0.0
50587,0.0
305558,0.0
76609,1.0
224681,0.0
218115,0.0
37676,0.0
234686,0.0
185351,0.0
115965,0.0
127118,0.0
19029,0.0
321952,0.0
22581,0.0
340359,0.0
176740,0.0
172633,0.0
262745,0.0
282159,0.0
138638,0.0
327396,0.0
112211,0.0
133964,0.0
143126,0.0
23402,0.0
350717,0.0
198230,0.0
9933,0.0
265939,0.0
149052,0.0
109413,0.0
126990,0.0
39663,0.0
134229,0.0
298538,0.0
113997,1.0
41628,0.0
207020,0.0
119724,0.0
136243,0.0
49839,0.0
197439,0.0
247028,0.0
345995,0.0
153184,0.0
289120,0.0
152963,0.0
157126,0.0
62776,0.0
33033,0.0
351703,0.0
69347,0.0
278621,0.0
320762,0.0
15176,0.0
125557,0.0
171620,0.0
186322,0.0
260904,0.0
92562,0.0
149942,0.0
61351,0.0
158375,0.0
58840,0.0
137099,0.0
160748,0.0
53868,0.0
212740,0.0
63608,0.0
221814,0.0
46338,0.0
117502,0.0
335334,0.0
206490,0.0
273643,0.0
48203,0.0
142739,0.0
51810,0.0
88414,0.0
186007,0.0
124344,0.0
193705,0.0
273998,0.0
332673,0.0
9800,0.0
337229,0.0
131664,0.0
202820,0.0
84821,0.0
95122,0.0
6691,0.0
5262,0.0
58115,0.0
175069,0.0
311078,0.0
234094,0.0
173494,0.0
312951,0.0
15269,0.0
66026,0.0
100263,0.0
171966,0.0
155680,0.0
31721,0.0
164765,0.0
268049,0.0
322045,0.0
77362,0.0
106153,0.0
45216,0.0
6955,0.0
197772,0.0
302456,0.0
27467,0.0
228308,0.0
19106,0.0
347263,0.0
217115,0.0
131164,0.0
233551,0.0
50560,0.0
126696,0.0
313937,0.0
292402,0.0
125784,0.0
56998,0.0
264085,0.0
32538,0.0
185996,0.0
81437,0.0
2233,0.0
293872,0.0
122282,0.0
7889,0.0
302855,0.0
3139,0.0
349517,0.0
52625,0.0
210007,0.0
268949,1.0
129827,0.0
85572,0.0
212352,0.0
183187,0.0
290299,0.0
163088,0.0
65633,0.0
352854,0.0
28703,0.0
149875,0.0
308613,0.0
4539,0.0
113124,0.0
223014,0.0
302711,0.0
139468,0.0
143217,0.0
173889,0.0
186798,0.0
33819,0.0
351376,0.0
326108,0.0
287295,0.0
130844,0.0
232287,0.0
3884,0.0
268908,0.0
317594,0.0
110369,0.0
41598,0.0
14117,0.0
155766,0.0
146021,0.0
275536,0.0
342608,0.0
339663,0.0
31086,0.0
134094,0.0
305992,0.0
283629,0.0
265546,0.0
227573,0.0
136897,0.0
143922,0.0
343665,0.0
226764,0.0
85695,0.0
316673,0.0
217384,0.0
16645,0.0
210074,0.0
178080,0.0
220979,0.0
120491,0.0
293806,0.0
105247,0.0
310997,0.0
184940,0.0
310412,0.0
306118,0.0
75877,0.0
176029,0.0
256473,0.0
166295,0.0
224699,0.0
342388,0.0
277072,0.0
276287,0.0
165400,0.0
153484,0.0
267774,0.0
349334,0.0
71130,0.0
263466,0.0
119449,0.0
171210,0.0
109661,0.0
281070,0.0
325488,0.0
246450,0.0
245167,0.0
285756,0.0
5411,0.0
7177,1.0
6910,0.0
262906,0.0
53350,0.0
203200,0.0
69906,0.0
134548,0.0
9032,0.0
64849,0.0
13344,0.0
346189,0.0
121388,0.0
178174,0.0
78960,0.0
23195,1.0
157813,0.0
201594,0.0
230151,0.0
83624,0.0
247944,0.0
149031,0.0
16265,0.0
269975,0.0
153774,0.0
95724,0.0
245006,0.0
3081,0.0
85115,0.0
144161,0.0
252654,0.0
118846,0.0
205295,0.0
314581,0.0
233941,0.0
26835,0.0
253336,0.0
328173,0.0
102408,0.0
258020,0.0
148554,0.0
241232,1.0
268916,0.0
221233,0.0
170560,0.0
334101,0.0
154007,0.0
163133,0.0
26560,0.0
318800,0.0
160998,0.0
242809,0.0
228385,0.0
285056,0.0
213001,0.0
59430,0.0
333177,0.0
305752,0.0
73955,0.0
195704,0.0
227622,0.0
226487,0.0
274365,0.0
82394,0.0
7897,0.0
32069,0.0
68678,0.0
338100,0.0
70720,0.0
146589,0.0
44654,0.0
185438,0.0
286672,0.0
20271,0.0
38152,0.0
309124,0.0
139100,0.0
55447,0.0
281001,0.0
219565,0.0
307952,0.0
57495,0.0
342811,0.0
253849,0.0
94162,0.0
76548,0.0
158880,0.0
115634,0.0
220167,0.0
112254,0.0
78359,0.0
57001,0.0
308493,0.0
216015,0.0
74272,0.0
137828,0.0
282518,0.0
320869,0.0
204515,0.0
292229,0.0
148506,0.0
194613,0.0
267140,0.0
28392,0.0
183743,0.0
22664,0.0
58811,0.0
308223,0.0
93900,0.0
55487,0.0
163897,0.0
345659,0.0
257195,0.0
188783,0.0
211522,0.0
8879,0.0
75228,0.0
33,0.0
43419,0.0
269393,0.0
128171,0.0
52865,0.0
218068,0.0
103800,0.0
142898,0.0
353915,0.0
278226,0.0
166091,0.0
113384,0.0
270708,0.0
212987,0.0
269438,0.0
171360,0.0
270896,0.0
170105,0.0
234440,0.0
126439,0.0
298625,0.0
274677,0.0
188108,0.0
84983,0.0
131397,0.0
112501,0.0
27656,0.0
264892,0.0
20954,0.0
347018,0.0
24311,0.0
318456,0.0
313184,0.0
354031,0.0
162651,0.0
9043,0.0
195667,0.0
29506,0.0
223600,0.0
340871,0.0
106364,0.0
273165,0.0
21058,0.0
102785,0.0
40292,0.0
190719,0.0
195714,0.0
197947,0.0
8069,0.0
90314,0.0
297430,0.0
40982,0.0
269718,0.0
267159,0.0
328511,0.0
353495,0.0
311881,0.0
310461,0.0
237825,1.0
116575,0.0
51183,0.0
155960,0.0
31044,0.0
254698,0.0
30408,0.0
212368,0.0
216560,0.0
309687,0.0
250511,0.0
158026,0.0
215393,0.0
144405,0.0
236153,0.0
76082,0.0
204108,0.0
75042,0.0
283579,0.0
291275,0.0
220195,0.0
244741,0.0
242073,0.0
52060,0.0
316218,0.0
312907,0.0
290450,0.0
100282,0.0
165205,0.0
93333,0.0
48835,0.0
335783,0.0
7749,0.0
47589,0.0
290690,0.0
182064,0.0
35538,0.0
304520,0.0
101686,0.0
102285,0.0
247833,0.0
236178,0.0
201603,0.0
187087,0.0
251704,0.0
123586,0.0
17639,0.0
2533,0.0
298222,0.0
84119,0.0
118554,0.0
345019,0.0
256801,0.0
143105,0.0
13170,0.0
46307,1.0
211201,0.0
31578,0.0
58113,0.0
80696,0.0
66766,0.0
19150,0.0
203536,0.0
195390,0.0
296155,0.0
69498,0.0
352849,0.0
214139,0.0
31400,0.0
68018,0.0
325460,0.0
320156,0.0
151569,0.0
291772,0.0
261551,0.0
140423,0.0
319243,0.0
290785,0.0
271899,0.0
296937,0.0
184555,0.0
310173,0.0
205040,0.0
100543,0.0
249217,0.0
149779,0.0
232110,0.0
351073,0.0
246590,0.0
71493,0.0
68141,1.0
35548,0.0
157354,0.0
141304,0.0
129038,0.0
4895,0.0
95338,0.0
213404,0.0
7901,0.0
209013,0.0
252957,0.0
296230,0.0
85949,0.0
142467,0.0
246522,0.0
65416,0.0
121476,0.0
240832,0.0
217126,0.0
135382,0.0
83402,1.0
169481,0.0
280264,0.0
192837,0.0
35973,0.0
242355,0.0
350605,0.0
317528,0.0
329708,0.0
137623,0.0
107269,0.0
84615,0.0
340170,1.0
50333,0.0
283746,0.0
314131,0.0
208665,0.0
130450,0.0
325586,0.0
236471,0.0
151582,0.0
207340,0.0
38185,0.0
169777,0.0
212035,0.0
342664,0.0
315482,0.0
203277,0.0
65512,0.0
173066,0.0
111335,0.0
67042,0.0
254872,0.0
128830,0.0
280162,0.0
255881,0.0
207960,0.0
127733,0.0
127369,0.0
125009,0.0
125057,0.0
135896,0.0
326638,0.0
237925,0.0
344134,0.0
283566,0.0
53270,0.0
342766,0.0
259601,0.0
209555,0.0
224084,0.0
342438,0.0
74728,0.0
52281,0.0
214926,0.0
258357,0.0
122576,0.0
292027,0.0
4046,0.0
202957,0.0
106382,0.0
336182,0.0
308400,0.0
185720,0.0
303621,0.0
267697,0.0
130869,0.0
351667,0.0
293718,0.0
216260,0.0
10299,0.0
82433,0.0
234203,0.0
27389,0.0
283525,0.0
181182,0.0
212758,0.0
111500,0.0
100335,0.0
43237,0.0
26681,0.0
347210,0.0
253757,0.0
91347,0.0
141018,0.0
94913,0.0
248032,0.0
146267,0.0
84058,0.0
189143,0.0
272874,0.0
48445,0.0
218163,0.0
114993,0.0
5338,0.0
160881,0.0
199694,0.0
107397,0.0
117633,0.0
173249,0.0
343785,0.0
195247,0.0
246694,0.0
311932,0.0
95637,0.0
32460,0.0
75041,0.0
228564,0.0
169582,0.0
95425,0.0
46440,0.0
149776,0.0
189612,0.0
112662,0.0
226436,0.0
320620,0.0
215910,1.0
217873,0.0
39224,0.0
279135,1.0
159595,0.0
152585,0.0
314812,0.0
87077,0.0
143986,0.0
247594,0.0
10645,0.0
279156,0.0
155241,0.0
347754,0.0
304733,0.0
143301,0.0
176933,0.0
191701,0.0
188607,0.0
129944,0.0
206055,0.0
301242,0.0
309336,0.0
229819,0.0
309263,0.0
310622,0.0
303060,0.0
150487,0.0
142531,0.0
285769,0.0
168120,0.0
211163,0.0
275577,0.0
345274,0.0
33640,0.0
201261,0.0
623,0.0
298475,0.0
179191,0.0
276939,0.0
283175,0.0
352821,0.0
139409,0.0
172353,0.0
257244,0.0
289227,0.0
169361,0.0
164787,0.0
66274,0.0
117651,0.0
285074,0.0
176016,0.0
197895,0.0
67046,0.0
168847,0.0
154081,0.0
5335,0.0
33309,0.0
254072,0.0
8455,0.0
169559,0.0
194153,0.0
265597,1.0
340282,0.0
84097,0.0
272367,0.0
210065,0.0
233438,0.0
188866,0.0
38122,0.0
28667,1.0
23914,0.0
158999,0.0
256059,0.0
248176,0.0
307998,0.0
63286,0.0
320554,0.0
306949,0.0
351759,0.0
89060,0.0
214140,0.0
267559,0.0
30747,0.0
114109,0.0
181841,0.0
19338,0.0
245810,0.0
177135,1.0
294623,1.0
318282,0.0
320934,0.0
234335,0.0
144472,0.0
51723,0.0
311169,0.0
181948,0.0
303663,0.0
306073,0.0
318802,0.0
223587,0.0
37576,0.0
198077,0.0
341528,0.0
98537,0.0
107235,0.0
46899,0.0
262515,0.0
111424,0.0
64814,0.0
211268,0.0
186663,0.0
233177,0.0
7612,0.0
91435,0.0
215330,0.0
181931,0.0
331426,1.0
228254,0.0
74091,0.0
231854,0.0
75039,0.0
170613,0.0
55999,0.0
278919,0.0
106839,0.0
78967,0.0
102221,0.0
347619,0.0
144283,0.0
345260,1.0
15920,0.0
231280,0.0
241984,0.0
120123,0.0
217299,0.0
163718,0.0
210203,0.0
300564,0.0
130198,0.0
150938,0.0
173339,0.0
315281,0.0
281261,0.0
292947,0.0
349776,0.0
134860,0.0
321272,0.0
224255,0.0
177212,0.0
56072,0.0
185828,0.0
53122,0.0
164038,0.0
11112,0.0
203270,0.0
247502,0.0
201015,0.0
265703,0.0
95808,0.0
281386,0.0
226455,0.0
193331,0.0
298182,0.0
59593,0.0
179239,0.0
113005,0.0
13220,0.0
296268,0.0
210777,0.0
306246,0.0
116457,0.0
108326,0.0
30487,0.0
266979,0.0
140615,0.0
98680,0.0
249479,0.0
172622,0.0
277719,0.0
306783,0.0
310204,0.0
82793,0.0
58845,0.0
77323,0.0
168896,0.0
107373,1.0
130983,0.0
208854,0.0
232993,0.0
271938,0.0
186284,0.0
325408,0.0
326853,0.0
335615,0.0
33680,0.0
235158,0.0
344047,0.0
159061,1.0
54113,0.0
110360,0.0
93442,0.0
84764,0.0
37736,0.0
42112,0.0
25512,0.0
114809,0.0
30572,1.0
27897,0.0
132873,0.0
58499,0.0
31847,0.0
244539,1.0
312059,0.0
183517,0.0
8624,0.0
316813,0.0
2089,0.0
264773,0.0
294332,0.0
309160,0.0
331648,0.0
23489,0.0
68086,0.0
182934,0.0
244512,0.0
257393,0.0
109437,0.0
76381,0.0
111394,0.0
44744,0.0
92312,0.0
57771,0.0
228379,0.0
177130,0.0
244160,0.0
323209,0.0
320491,0.0
49905,0.0
100032,0.0
95028,0.0
255677,0.0
79896,0.0
219686,0.0
143116,0.0
313214,0.0
282960,0.0
337405,0.0
208875,0.0
249343,0.0
64428,0.0
199979,0.0
59522,0.0
328792,0.0
10391,0.0
333991,0.0
159115,0.0
42938,0.0
242264,0.0
181439,0.0
125555,0.0
155851,0.0
47237,0.0
272363,0.0
284596,0.0
316009,0.0
340598,0.0
268415,0.0
257885,0.0
188435,0.0
148736,0.0
19123,0.0
59946,0.0
293798,0.0
84445,0.0
341488,0.0
60413,0.0
72709,0.0
91037,0.0
128288,0.0
350246,0.0
283871,0.0
224593,0.0
114266,0.0
244776,0.0
217795,0.0
184931,0.0
26011,0.0
313901,0.0
166908,0.0
209474,0.0
14940,0.0
319328,0.0
187366,0.0
188342,0.0
351420,0.0
56336,0.0
333946,0.0
232019,0.0
135876,0.0
204884,0.0
23008,0.0
209084,0.0
277793,0.0
169973,0.0
141269,0.0
33456,0.0
338358,0.0
60714,0.0
254568,0.0
304129,0.0
323659,0.0
296502,0.0
63728,0.0
346561,0.0
136000,0.0
117339,0.0
115995,0.0
279339,0.0
343280,0.0
51639,0.0
334531,0.0
243364,0.0
174093,0.0
65675,0.0
206921,1.0
51799,0.0
293969,0.0
64675,0.0
331627,0.0
52181,0.0
186726,0.0
83303,0.0
21269,0.0
323374,0.0
196937,0.0
191679,0.0
155551,0.0
317609,0.0
60112,0.0
87198,0.0
163095,0.0
186170,0.0
326976,0.0
63800,0.0
46714,0.0
60456,0.0
28948,0.0
302902,0.0
76798,0.0
182916,0.0
196246,0.0
15430,0.0
3006,0.0
213047,0.0
344256,0.0
317144,0.0
213845,0.0
160503,0.0
55347,0.0
292299,0.0
201480,0.0
172040,0.0
204057,0.0
201481,0.0
212978,0.0
273433,0.0
69924,0.0
346565,0.0
88673,0.0
31939,0.0
253070,0.0
137631,0.0
291967,0.0
54788,0.0
248087,0.0
331806,0.0
271412,0.0
301153,0.0
315957,0.0
54657,0.0
145838,0.0
180506,0.0
205562,0.0
65343,0.0
245008,0.0
2658,0.0
295205,0.0
279394,1.0
86932,0.0
256506,0.0
262702,0.0
184042,0.0
305066,0.0
162607,0.0
213549,0.0
200795,0.0
264589,0.0
83345,0.0
263666,1.0
298349,0.0
324232,0.0
54930,0.0
251234,0.0
83806,1.0
279292,0.0
63046,0.0
82304,0.0
168994,0.0
222020,0.0
293035,0.0
181940,0.0
175662,0.0
251661,0.0
5380,0.0
252301,0.0
350841,0.0
193890,0.0
242951,0.0
77873,0.0
290647,0.0
164758,0.0
128163,0.0
262668,0.0
45531,0.0
258365,0.0
260330,0.0
215770,0.0
90580,0.0
175846,0.0
15846,0.0
182241,0.0
32085,0.0
81842,0.0
315693,0.0
241189,0.0
288807,0.0
349997,0.0
246149,0.0
188608,0.0
2252,0.0
84073,0.0
81638,0.0
197620,0.0
328816,0.0
264702,0.0
342775,0.0
211823,0.0
343612,0.0
141933,0.0
311938,0.0
265625,0.0
239329,0.0
330805,0.0
2528,0.0
236875,0.0
302696,0.0
195779,0.0
224452,0.0
127518,0.0
46388,0.0
73693,0.0
337185,0.0
298761,0.0
304293,0.0
181262,0.0
150729,0.0
39941,0.0
259163,0.0
108570,0.0
261305,0.0
243191,0.0
253740,0.0
339756,0.0
168976,0.0
159899,0.0
88930,0.0
123260,0.0
328571,0.0
197733,0.0
20713,0.0
318825,0.0
29326,0.0
62599,0.0
344516,0.0
87841,0.0
250504,0.0
190502,0.0
146076,0.0
197890,0.0
51407,0.0
219108,0.0
180478,0.0
119134,0.0
180706,0.0
233726,0.0
112319,0.0
330488,0.0
314599,0.0
181418,0.0
99144,0.0
166289,0.0
79490,0.0
224993,0.0
157308,0.0
249362,0.0
127538,0.0
131465,0.0
275757,0.0
165238,0.0
154387,0.0
343731,0.0
146860,0.0
207617,0.0
346155,0.0
149802,0.0
207473,0.0
253224,0.0
34705,0.0
335129,0.0
220222,0.0
49302,0.0
192593,0.0
286105,0.0
290637,0.0
24237,0.0
313519,0.0
22578,0.0
29033,0.0
231216,0.0
196188,0.0
53992,0.0
12232,0.0
236234,0.0
63052,0.0
273798,0.0
62129,0.0
94510,0.0
173031,0.0
278631,0.0
55490,0.0
34677,0.0
272001,0.0
35291,0.0
350462,0.0
301522,0.0
333945,0.0
134299,0.0
154179,0.0
57509,0.0
248029,0.0
202683,0.0
109199,0.0
308865,0.0
243765,0.0
227898,0.0
45883,0.0
129309,0.0
49724,0.0
77587,0.0
129619,0.0
62458,0.0
62234,0.0
15534,0.0
147789,0.0
267008,0.0
144491,0.0
165252,0.0
87357,0.0
252025,0.0
125927,0.0
279865,0.0
11904,0.0
57000,0.0
191521,0.0
25267,0.0
314489,0.0
327124,0.0
84126,0.0
118101,0.0
164330,0.0
15358,0.0
42436,0.0
270587,0.0
302085,0.0
152201,0.0
122264,0.0
42129,0.0
107621,0.0
170373,0.0
278786,0.0
25134,0.0
306823,0.0
92112,0.0
195361,0.0
81947,0.0
35519,0.0
51667,0.0
184634,0.0
257294,0.0
352383,0.0
167934,0.0
258658,0.0
6635,0.0
345665,0.0
137171,0.0
21537,0.0
113630,0.0
223205,0.0
89243,0.0
19603,0.0
32416,0.0
169546,0.0
185053,0.0
43034,0.0
14875,0.0
267052,0.0
137526,0.0
83240,0.0
105941,0.0
122549,0.0
7403,0.0
32890,0.0
352448,0.0
7812,0.0
324805,0.0
329377,0.0
109059,0.0
225599,0.0
97321,0.0
342896,0.0
84259,0.0
344604,0.0
308317,0.0
299874,0.0
342893,0.0
22686,0.0
324061,0.0
159905,0.0
227511,0.0
335007,0.0
271450,0.0
150855,0.0
127866,0.0
90652,0.0
246887,0.0
295598,0.0
84441,0.0
73125,0.0
15979,0.0
351528,0.0
157843,0.0
143377,0.0
317002,0.0
13389,0.0
126494,0.0
235745,0.0
338228,0.0
278928,0.0
113418,0.0
228425,0.0
321736,0.0
112733,0.0
15931,0.0
154568,0.0
211098,0.0
51304,0.0
146359,0.0
129386,0.0
270220,0.0
206070,0.0
130232,0.0
251423,0.0
334859,0.0
223059,0.0
111384,0.0
151352,0.0
243345,0.0
124834,0.0
338431,0.0
154465,0.0
135987,0.0
100782,0.0
325620,0.0
170121,0.0
216709,0.0
266327,0.0
137183,0.0
91785,0.0
205318,0.0
144737,0.0
85293,0.0
251307,0.0
249527,0.0
237687,0.0
114182,0.0
283451,0.0
269898,0.0
260108,0.0
231723,0.0
328224,0.0
197009,0.0
126341,0.0
88746,0.0
226099,0.0
30519,0.0
239852,0.0
5188,0.0
13676,0.0
12839,0.0
196772,0.0
75770,0.0
318177,0.0
1966,0.0
283043,0.0
89330,0.0
271903,0.0
76456,0.0
289924,1.0
205561,0.0
67870,0.0
15483,0.0
54065,0.0
343699,0.0
104894,0.0
310279,0.0
335040,0.0
18838,0.0
25256,0.0
835,0.0
97451,0.0
260830,0.0
179266,0.0
197069,0.0
282079,0.0
347670,0.0
199888,0.0
347286,0.0
306908,0.0
140874,0.0
173157,0.0
107524,0.0
165790,0.0
149283,0.0
166083,0.0
34183,0.0
249320,0.0
330983,0.0
255441,0.0
22035,0.0
313290,0.0
202059,0.0
336840,0.0
49682,0.0
287759,0.0
85499,0.0
114423,0.0
66884,0.0
7686,0.0
291983,0.0
133672,0.0
176734,0.0
170765,0.0
134655,0.0
250591,0.0
85333,0.0
178976,0.0
210072,0.0
100759,0.0
218216,0.0
271791,0.0
275632,0.0
310371,0.0
15332,0.0
20109,0.0
52535,0.0
288561,0.0
123657,0.0
87412,0.0
226566,1.0
38937,0.0
193913,0.0
308579,0.0
353302,0.0
304867,0.0
111450,0.0
38688,0.0
320751,0.0
276965,0.0
282440,0.0
233387,0.0
259585,0.0
257000,0.0
226079,0.0
191902,0.0
226942,0.0
282174,0.0
60100,0.0
333399,0.0
174159,0.0
238988,0.0
321780,0.0
174515,0.0
280231,0.0
219346,0.0
21154,0.0
293755,0.0
95091,0.0
338307,0.0
198198,0.0
149697,0.0
29158,0.0
82873,0.0
203054,0.0
235237,0.0
17427,0.0
182479,0.0
168260,0.0
57665,0.0
338735,0.0
88029,0.0
112463,0.0
256277,0.0
25210,0.0
184248,0.0
30998,0.0
57411,0.0
111576,0.0
162303,0.0
163909,1.0
278184,0.0
241292,0.0
322780,0.0
52728,0.0
4445,0.0
257310,0.0
259393,0.0
43218,0.0
125016,0.0
279572,0.0
239535,0.0
232881,0.0
190822,0.0
110776,0.0
82813,0.0
89710,0.0
56995,0.0
240847,0.0
350471,0.0
89174,0.0
345703,0.0
145237,0.0
246606,0.0
297930,0.0
257881,0.0
66992,0.0
254009,0.0
326937,0.0
300813,0.0
310145,0.0
273720,0.0
72611,0.0
74379,0.0
312446,0.0
185599,0.0
345477,1.0
39363,0.0
179944,0.0
25076,0.0
223299,0.0
98334,0.0
320542,0.0
218520,0.0
252150,0.0
139894,0.0
224912,0.0
226705,0.0
187009,0.0
288656,0.0
190422,0.0
183121,0.0
289105,0.0
136197,0.0
281264,0.0
317344,0.0
132356,0.0
125838,0.0
153191,0.0
37483,0.0
218612,0.0
218742,0.0
324586,0.0
331625,0.0
142246,0.0
350564,0.0
242172,0.0
307551,0.0
275159,0.0
197746,0.0
5699,0.0
296431,0.0
241212,0.0
77669,0.0
237280,0.0
290206,0.0
310367,1.0
288152,0.0
235975,1.0
80186,0.0
35063,0.0
263748,0.0
229115,0.0
95256,0.0
26270,0.0
145439,0.0
77842,0.0
9538,0.0
80205,0.0
94463,0.0
151292,0.0
277076,0.0
62122,1.0
347712,0.0
238552,0.0
145200,1.0
117526,0.0
154101,0.0
15403,0.0
328091,0.0
75123,0.0
276925,0.0
242952,0.0
291266,0.0
220774,0.0
11720,0.0
235134,0.0
76590,0.0
201761,0.0
165877,1.0
4354,0.0
14306,0.0
78114,0.0
29970,0.0
199437,0.0
176225,0.0
242968,0.0
160115,0.0
95491,0.0
9410,0.0
303499,0.0
114861,0.0
306201,0.0
279112,0.0
318612,0.0
257740,0.0
248242,0.0
292130,0.0
253709,0.0
118763,0.0
181110,0.0
128954,0.0
60449,0.0
232095,0.0
346067,0.0
263766,0.0
113503,0.0
347550,0.0
331142,0.0
8402,0.0
253380,0.0
344488,0.0
65509,0.0
266169,0.0
287625,0.0
160104,0.0
207506,0.0
237853,0.0
351107,0.0
236971,0.0
185645,0.0
260621,0.0
315124,0.0
57422,0.0
94548,0.0
55393,0.0
292678,0.0
314779,0.0
282065,0.0
283298,0.0
142018,0.0
87592,0.0
328026,0.0
327448,0.0
291902,0.0
43326,0.0
301809,0.0
99433,0.0
15554,0.0
30708,0.0
243869,1.0
268622,0.0
228749,0.0
152469,0.0
249371,0.0
75856,0.0
1572,0.0
62710,0.0
265000,0.0
17036,0.0
345283,0.0
311298,0.0
277366,0.0
261224,0.0
267267,0.0
264668,0.0
330693,0.0
51016,0.0
88818,0.0
30984,0.0
56790,0.0
39397,0.0
314242,0.0
209163,0.0
198607,0.0
273497,0.0
317451,0.0
337193,0.0
284683,0.0
88973,0.0
301420,0.0
324498,0.0
244074,0.0
2883,0.0
276497,0.0
186989,0.0
337518,0.0
26783,0.0
237453,0.0
147308,0.0
211427,0.0
66092,0.0
119960,0.0
14258,0.0
88491,0.0
311270,0.0
43900,0.0
308441,0.0
158109,0.0
91567,0.0
46257,0.0
267506,0.0
77870,0.0
204625,0.0
65926,0.0
258399,0.0
73934,0.0
2160,0.0
206371,0.0
38011,0.0
207600,0.0
178627,0.0
211584,0.0
192790,0.0
215244,0.0
25645,0.0
350897,0.0
217169,0.0
342429,1.0
81327,0.0
167988,0.0
305182,0.0
258053,0.0
68708,0.0
322976,0.0
152219,0.0
127718,0.0
92247,0.0
209885,0.0
151008,0.0
60371,0.0
178016,0.0
324291,0.0
34205,0.0
173206,0.0
300144,0.0
148977,0.0
264123,0.0
130103,0.0
103026,0.0
221328,0.0
306982,0.0
270065,0.0
306145,0.0
349851,0.0
285674,0.0
326764,0.0
31536,0.0
209713,0.0
24003,0.0
163336,0.0
21932,0.0
223538,0.0
352655,0.0
16691,0.0
55374,0.0
73978,0.0
101644,0.0
44338,0.0
200027,0.0
350265,0.0
156164,0.0
319408,0.0
44376,0.0
82449,0.0
254789,0.0
51977,0.0
189342,0.0
3964,0.0
18657,0.0
143297,0.0
278173,0.0
341381,0.0
290042,0.0
31222,0.0
167970,0.0
213240,0.0
75578,0.0
225298,0.0
101581,0.0
213687,0.0
100189,0.0
235482,0.0
287793,0.0
240417,0.0
71568,0.0
83194,0.0
258800,0.0
97750,0.0
116255,0.0
100703,0.0
313251,0.0
205255,0.0
264012,0.0
75427,0.0
279855,0.0
136056,0.0
295614,0.0
133432,0.0
73042,0.0
251697,0.0
237464,0.0
973,1.0
121241,0.0
26444,0.0
161929,0.0
76428,0.0
136950,0.0
139114,0.0
50595,0.0
304657,0.0
229637,0.0
83833,0.0
272626,0.0
131835,0.0
120089,0.0
31754,0.0
293472,0.0
194253,0.0
181378,0.0
169256,0.0
94040,0.0
189131,0.0
266449,0.0
221360,0.0
262205,0.0
267154,0.0
203174,0.0
244455,0.0
334067,0.0
63231,0.0
247185,0.0
26017,0.0
44175,0.0
328998,0.0
19182,0.0
306579,0.0
185881,0.0
125700,0.0
260497,0.0
315707,0.0
333010,0.0
317746,0.0
328447,0.0
30147,0.0
276759,0.0
215494,0.0
176216,0.0
245389,0.0
184657,0.0
300597,0.0
174958,0.0
114877,0.0
15024,0.0
270113,0.0
194529,0.0
238012,0.0
270066,0.0
83062,0.0
96254,0.0
280686,0.0
238689,0.0
342626,0.0
95449,0.0
277442,0.0
134795,0.0
295043,0.0
322408,0.0
180763,0.0
53705,0.0
353764,0.0
136581,0.0
202419,0.0
165686,0.0
195841,0.0
2577,1.0
239636,0.0
68997,0.0
294527,0.0
62445,0.0
219692,0.0
308668,0.0
117098,0.0
309680,0.0
146743,0.0
292347,0.0
303028,0.0
328988,0.0
262539,0.0
264460,0.0
113950,0.0
246173,0.0
200383,0.0
209797,0.0
309232,0.0
212432,0.0
87921,0.0
233172,0.0
196077,0.0
196754,0.0
228336,0.0
295537,0.0
270551,0.0
110266,0.0
283747,0.0
99476,0.0
11474,0.0
203746,0.0
100001,1.0
328625,0.0
256104,0.0
132483,0.0
258587,0.0
113001,0.0
202475,0.0
121547,0.0
216893,0.0
216226,0.0
258661,0.0
13583,0.0
48307,0.0
116912,0.0
265173,0.0
264474,0.0
254799,0.0
291916,0.0
329379,0.0
104647,0.0
220847,0.0
242340,0.0
1188,0.0
197747,0.0
73723,0.0
69452,0.0
332110,0.0
320186,0.0
139943,0.0
267984,0.0
178562,0.0
294744,0.0
262097,0.0
17880,0.0
329896,0.0
197167,0.0
40123,0.0
70903,0.0
262767,0.0
337898,0.0
97500,0.0
14813,0.0
208208,0.0
331776,0.0
318022,1.0
130052,0.0
44174,0.0
208892,0.0
236839,0.0
108342,0.0
242121,0.0
302595,0.0
299771,0.0
21653,0.0
104003,0.0
14905,0.0
211723,0.0
64243,0.0
85484,0.0
166652,0.0
264825,0.0
190937,0.0
234665,0.0
182587,0.0
309753,0.0
353881,0.0
64544,0.0
136920,0.0
200676,0.0
318388,0.0
321078,0.0
218572,0.0
251815,0.0
299796,0.0
131124,0.0
334662,0.0
343192,0.0
288037,0.0
234783,0.0
70972,0.0
189911,0.0
61277,0.0
352955,0.0
156083,0.0
99315,1.0
213102,0.0
163203,0.0
27157,0.0
136446,0.0
63365,0.0
218767,0.0
54732,0.0
80892,0.0
133079,0.0
193388,0.0
188597,0.0
345121,0.0
129765,0.0
32599,0.0
10296,0.0
227257,0.0
61784,0.0
126851,0.0
136369,0.0
12997,0.0
211956,0.0
19314,0.0
206630,0.0
145021,0.0
124319,0.0
255091,0.0
28290,0.0
92398,0.0
98978,0.0
251962,0.0
164816,0.0
185644,0.0
155057,0.0
154609,0.0
173920,0.0
27762,0.0
103439,0.0
282959,0.0
291659,0.0
262253,0.0
221815,0.0
79891,0.0
22609,0.0
207883,0.0
243795,0.0
67412,0.0
31306,0.0
169925,0.0
92162,1.0
318772,0.0
135357,0.0
122462,0.0
4460,0.0
352930,0.0
336539,0.0
294190,0.0
301057,0.0
62107,0.0
247157,0.0
170746,0.0
259017,0.0
292368,0.0
60713,0.0
253464,0.0
25617,0.0
22180,0.0
227619,0.0
17236,0.0
111148,0.0
49440,0.0
273462,0.0
211622,0.0
185062,0.0
302920,0.0
126741,0.0
152952,0.0
265605,0.0
174337,0.0
870,0.0
113411,0.0
148751,0.0
29264,0.0
189964,0.0
331775,0.0
237372,0.0
30776,0.0
215348,0.0
23297,0.0
332318,0.0
153778,0.0
112067,0.0
52858,0.0
1788,0.0
54206,0.0
208732,0.0
124539,0.0
261003,0.0
250006,0.0
61625,0.0
211381,0.0
6418,0.0
32904,0.0
259861,0.0
270089,0.0
11080,0.0
248083,0.0
19780,0.0
95767,0.0
328291,0.0
186880,0.0
231605,0.0
259451,0.0
7929,0.0
319808,0.0
323327,0.0
213104,0.0
115582,0.0
325907,0.0
342990,0.0
609,0.0
74318,0.0
253618,0.0
264841,0.0
138135,0.0
53529,0.0
119261,0.0
288931,0.0
295216,0.0
123433,0.0
141739,0.0
117710,0.0
20610,0.0
288391,0.0
140690,0.0
48651,0.0
323850,0.0
106782,0.0
214266,0.0
180524,0.0
186096,0.0
135383,0.0
107418,0.0
25330,0.0
54275,0.0
337364,0.0
301732,0.0
118238,0.0
303842,0.0
45731,0.0
250826,0.0
247737,0.0
68461,0.0
186422,0.0
344231,0.0
93964,0.0
280582,0.0
69604,0.0
348829,0.0
46647,0.0
261170,0.0
178497,0.0
111104,0.0
188455,0.0
302881,0.0
12132,0.0
324160,0.0
273569,0.0
78044,0.0
201568,0.0
333380,0.0
311896,0.0
10048,0.0
83643,1.0
28855,0.0
9321,0.0
53347,0.0
68558,0.0
282411,0.0
139321,0.0
196189,0.0
285923,0.0
41408,0.0
19607,0.0
294709,0.0
282299,0.0
161902,0.0
342372,0.0
19526,0.0
326341,0.0
103169,0.0
283587,0.0
178461,0.0
318573,0.0
233643,0.0
183085,0.0
133233,0.0
61406,0.0
159769,0.0
206543,0.0
205793,0.0
200395,0.0
147739,0.0
234542,0.0
298820,0.0
315426,0.0
189369,0.0
154783,0.0
38780,0.0
208408,0.0
50546,0.0
159270,0.0
230726,0.0
91942,0.0
129196,0.0
310262,0.0
265858,0.0
98513,0.0
191013,0.0
92780,0.0
142873,0.0
5986,0.0
279895,1.0
65391,0.0
119874,0.0
122418,0.0
281503,0.0
4781,0.0
113108,0.0
331473,0.0
197760,0.0
57357,0.0
243624,0.0
277784,0.0
310287,0.0
336404,0.0
33273,0.0
275628,0.0
98230,0.0
34119,0.0
49525,0.0
229638,0.0
240396,0.0
17277,0.0
45652,0.0
320850,0.0
18648,0.0
209740,0.0
29451,0.0
285549,0.0
169503,0.0
216777,0.0
22075,0.0
309708,0.0
84218,0.0
178329,0.0
18040,0.0
157914,0.0
174210,0.0
94526,0.0
203205,0.0
123409,0.0
79501,0.0
219867,0.0
86299,0.0
187335,0.0
51128,1.0
63987,0.0
162636,0.0
178612,0.0
120570,0.0
162820,0.0
75064,0.0
292986,0.0
260567,0.0
72348,0.0
212518,0.0
248501,0.0
112908,0.0
109773,0.0
280722,0.0
80865,0.0
35885,0.0
174494,0.0
251146,0.0
99291,0.0
184412,0.0
218429,0.0
22376,0.0
344466,0.0
273045,0.0
125517,0.0
132343,0.0
268387,0.0
331068,0.0
137747,0.0
326162,0.0
120239,0.0
345669,0.0
83904,0.0
285632,0.0
71785,0.0
159766,0.0
324316,0.0
145656,0.0
4268,0.0
279864,0.0
155495,0.0
308505,0.0
147540,0.0
222520,0.0
247431,0.0
351444,0.0
94480,0.0
207615,0.0
106805,0.0
76474,0.0
75482,0.0
142686,0.0
123706,0.0
172956,0.0
4709,0.0
176189,0.0
170147,0.0
153847,0.0
108911,0.0
195095,0.0
19363,0.0
59792,0.0
283172,0.0
287491,0.0
80392,0.0
55937,0.0
176147,1.0
333392,0.0
5896,0.0
181993,0.0
115067,0.0
136148,0.0
94433,0.0
93767,0.0
127489,0.0
221969,0.0
116972,0.0
310516,0.0
135218,0.0
41889,0.0
336003,0.0
350142,0.0
140902,0.0
147653,0.0
204076,0.0
27767,0.0
349446,0.0
88535,0.0
214196,0.0
220412,0.0
125141,0.0
291223,0.0
207364,0.0
85292,0.0
191036,0.0
21945,0.0
30367,0.0
335024,0.0
122395,0.0
65884,0.0
187298,0.0
163385,0.0
143265,0.0
85749,0.0
208017,0.0
265101,0.0
274991,0.0
87440,0.0
81492,0.0
186792,0.0
7082,0.0
72011,0.0
4356,0.0
161454,0.0
333242,0.0
241324,0.0
171415,0.0
252082,0.0
346242,0.0
249740,0.0
85413,0.0
50240,0.0
161393,0.0
16619,0.0
311943,0.0
186412,0.0
190968,0.0
175663,0.0
225776,0.0
316318,0.0
232193,0.0
63520,0.0
178412,0.0
42340,0.0
353148,0.0
199197,0.0
295849,0.0
111520,0.0
70229,0.0
115294,0.0
278531,0.0
297204,0.0
256029,0.0
145298,0.0
153394,0.0
29498,0.0
231811,0.0
27048,0.0
326391,0.0
95965,0.0
19976,0.0
112050,0.0
348172,0.0
96716,0.0
10245,0.0
203973,0.0
231189,0.0
167263,1.0
122064,0.0
105515,0.0
128093,0.0
198592,0.0
144851,0.0
146714,0.0
110587,0.0
106175,0.0
40387,0.0
224087,0.0
65958,0.0
331717,0.0
172399,0.0
326457,0.0
283118,0.0
117547,0.0
156592,0.0
175655,0.0
26059,0.0
121283,0.0
148969,0.0
233196,0.0
331089,1.0
81229,0.0
32424,1.0
256724,0.0
248034,0.0
328743,0.0
319043,0.0
221612,0.0
57144,0.0
321044,0.0
256157,0.0
139314,0.0
235396,0.0
5425,0.0
154555,1.0
42059,0.0
156992,0.0
64589,0.0
67349,0.0
209070,0.0
297156,0.0
141827,0.0
287781,0.0
204522,0.0
281870,0.0
220845,0.0
183601,0.0
185601,0.0
228575,0.0
323766,0.0
316420,0.0
120108,0.0
306502,0.0
264750,1.0
1233,0.0
4832,0.0
271306,0.0
243640,0.0
301829,0.0
298008,0.0
332781,0.0
291914,1.0
56691,0.0
168905,0.0
54447,0.0
28533,0.0
142924,0.0
102448,1.0
134188,0.0
194023,0.0
187747,0.0
167907,0.0
29481,0.0
270562,0.0
4845,0.0
269534,0.0
279123,0.0
128970,0.0
267910,0.0
289802,0.0
251254,0.0
228245,0.0
261902,0.0
120736,0.0
11454,0.0
344907,0.0
24942,0.0
312636,0.0
107311,0.0
225207,0.0
157718,0.0
100671,0.0
109220,0.0
98112,0.0
183022,0.0
91338,0.0
55402,0.0
337153,0.0
35862,0.0
23987,0.0
246235,0.0
343264,1.0
99442,0.0
289289,0.0
178376,0.0
239275,0.0
55149,0.0
267985,0.0
49118,0.0
246307,0.0
68450,0.0
94256,0.0
13328,0.0
349934,0.0
233135,0.0
265946,0.0
97326,0.0
149385,1.0
303633,0.0
339214,0.0
98205,0.0
332968,0.0
117628,0.0
271271,0.0
44189,0.0
82934,0.0
178430,0.0
176596,0.0
132717,0.0
5872,0.0
252656,0.0
7503,0.0
246749,0.0
190663,0.0
75898,0.0
252878,0.0
351660,0.0
138495,0.0
323235,0.0
103240,0.0
325346,0.0
75704,0.0
328691,0.0
120090,0.0
69515,0.0
55790,0.0
9755,0.0
42910,0.0
307418,0.0
322563,0.0
330256,1.0
134560,0.0
96144,0.0
6456,0.0
110277,0.0
57843,0.0
256914,0.0
118761,0.0
337674,0.0
339654,0.0
351298,0.0
256352,0.0
85225,0.0
92632,0.0
252769,0.0
66726,0.0
7600,0.0
41681,0.0
221307,0.0
215659,0.0
158743,0.0
77391,0.0
135328,0.0
198613,0.0
128274,0.0
37904,0.0
190195,0.0
27718,0.0
153612,0.0
166391,0.0
288461,0.0
184473,0.0
123715,0.0
132100,0.0
352476,0.0
320707,0.0
55247,0.0
280277,0.0
105344,0.0
7434,0.0
259170,0.0
329988,0.0
310185,0.0
27518,0.0
43497,0.0
289568,0.0
71670,0.0
300547,0.0
28963,1.0
138944,0.0
289646,0.0
269134,0.0
327812,0.0
89982,0.0
155699,0.0
3030,0.0
228873,0.0
186688,0.0
267922,0.0
190158,0.0
153326,0.0
304075,0.0
169646,0.0
99040,0.0
302241,0.0
23095,0.0
75922,0.0
172658,0.0
215676,0.0
45235,0.0
24360,0.0
314873,0.0
100391,0.0
201520,0.0
313109,1.0
78192,0.0
154922,0.0
105302,0.0
41824,0.0
162253,0.0
192538,0.0
137734,0.0
332686,0.0
248241,0.0
64454,0.0
125079,0.0
99109,0.0
114808,0.0
71657,0.0
270533,0.0
175397,0.0
294493,0.0
220511,0.0
139187,0.0
334989,0.0
352300,0.0
186890,0.0
193308,0.0
57642,0.0
20765,0.0
341515,0.0
98598,0.0
238159,0.0
317459,0.0
349478,0.0
301913,0.0
242160,0.0
184855,0.0
264185,0.0
159936,0.0
53327,0.0
277937,0.0
297460,0.0
104596,0.0
139439,0.0
159336,0.0
242612,1.0
177771,0.0
87006,0.0
180410,0.0
343948,0.0
128539,0.0
313807,0.0
216207,0.0
176727,0.0
194544,0.0
166138,0.0
294873,0.0
123417,0.0
134800,0.0
47842,0.0
72103,0.0
351261,0.0
216258,0.0
183497,0.0
305307,0.0
21944,0.0
153744,0.0
15880,0.0
210739,0.0
209816,0.0
298467,0.0
218270,0.0
179254,0.0
157490,0.0
6376,0.0
148090,0.0
236308,0.0
262989,0.0
192225,0.0
44688,0.0
286625,0.0
141688,0.0
136358,0.0
79731,0.0
201996,0.0
182891,0.0
153624,0.0
161063,0.0
283450,0.0
290918,0.0
167694,0.0
175476,0.0
242507,0.0
202224,0.0
281190,0.0
253006,0.0
111775,0.0
213356,0.0
131266,0.0
128030,0.0
44246,0.0
334510,0.0
6385,0.0
329905,0.0
182682,0.0
192113,0.0
119940,0.0
63086,0.0
313793,0.0
186786,0.0
324045,0.0
244962,0.0
347512,0.0
140327,0.0
221700,0.0
200933,0.0
55926,0.0
65167,0.0
265983,0.0
157463,0.0
203317,0.0
226167,0.0
348680,0.0
55622,0.0
128713,0.0
221712,0.0
109347,0.0
117327,0.0
77052,0.0
127978,0.0
48953,0.0
19539,0.0
344428,0.0
53033,0.0
290172,0.0
57303,0.0
130384,0.0
9731,0.0
69191,0.0
300760,0.0
6073,0.0
293225,0.0
326303,0.0
27842,0.0
22630,0.0
178890,1.0
148389,0.0
162475,0.0
9949,0.0
257031,0.0
319903,0.0
107700,0.0
245238,0.0
292366,0.0
60428,0.0
95037,0.0
175471,0.0
268248,0.0
37588,0.0
321508,0.0
152316,0.0
224940,0.0
343272,0.0
41566,0.0
70156,0.0
303112,0.0
202289,0.0
164714,0.0
144489,0.0
277621,0.0
322583,0.0
155105,0.0
55694,0.0
353521,0.0
47689,0.0
124860,0.0
39212,0.0
154589,0.0
107136,0.0
199065,0.0
151940,0.0
1137,0.0
323662,0.0
253018,0.0
183334,0.0
48951,0.0
118414,0.0
40520,1.0
340718,0.0
324552,0.0
271069,0.0
329023,0.0
9471,0.0
205380,0.0
266612,0.0
129838,0.0
90020,0.0
310484,0.0
319827,0.0
220532,0.0
226174,0.0
164301,0.0
100309,0.0
353598,0.0
314166,0.0
49950,0.0
168101,0.0
240882,0.0
14329,0.0
271612,0.0
331881,0.0
69677,0.0
175907,0.0
100183,0.0
97082,0.0
336701,0.0
73129,0.0
165159,0.0
284361,0.0
224612,0.0
300807,1.0
41508,0.0
287102,0.0
201383,0.0
52725,0.0
122536,0.0
246634,0.0
83898,0.0
76702,0.0
66786,0.0
158687,1.0
140501,0.0
333675,0.0
221760,0.0
45631,0.0
201840,0.0
107799,0.0
222698,0.0
204442,0.0
185508,0.0
180301,0.0
150928,0.0
115032,0.0
271647,0.0
301967,0.0
223448,0.0
239671,0.0
244961,0.0
139965,0.0
194197,0.0
312577,0.0
173644,0.0
208721,0.0
192057,0.0
274504,0.0
86516,0.0
76152,0.0
301490,0.0
101779,0.0
214474,0.0
31413,0.0
134283,0.0
239179,0.0
181771,0.0
143341,0.0
40698,0.0
122948,0.0
37742,0.0
56715,0.0
324016,0.0
92666,0.0
170851,0.0
98100,0.0
20006,0.0
109150,0.0
338798,0.0
175287,0.0
48419,0.0
137651,0.0
129528,1.0
170524,0.0
239017,0.0
144789,0.0
63470,0.0
257901,0.0
184878,0.0
237249,0.0
25451,0.0
204564,0.0
12712,0.0
282643,0.0
345113,0.0
287075,0.0
151514,0.0
221529,0.0
282557,0.0
10743,0.0
214309,0.0
316590,0.0
181758,0.0
67940,0.0
224488,0.0
303003,0.0
352980,0.0
242756,0.0
35102,0.0
175000,0.0
166250,0.0
11536,0.0
205481,0.0
306515,0.0
54862,0.0
343174,0.0
106710,0.0
189116,0.0
73674,0.0
187138,0.0
167598,0.0
96140,0.0
200501,0.0
277805,0.0
285353,0.0
64262,0.0
41249,0.0
337528,0.0
95135,0.0
236565,0.0
129746,0.0
141639,0.0
327188,0.0
317020,0.0
349132,0.0
316336,0.0
207687,0.0
93190,0.0
251657,0.0
331918,0.0
196878,0.0
43114,0.0
82377,0.0
251524,0.0
11589,0.0
295069,0.0
90259,0.0
34376,0.0
210185,0.0
208704,0.0
153156,0.0
179258,0.0
300309,0.0
189427,0.0
230115,0.0
158244,0.0
339896,0.0
55773,0.0
258515,0.0
91731,0.0
353963,0.0
192528,0.0
345026,0.0
55407,0.0
127597,0.0
136206,0.0
47187,0.0
347689,0.0
147202,0.0
28178,0.0
316948,0.0
255338,0.0
16581,0.0
103481,0.0
45936,0.0
109995,0.0
239425,0.0
37968,0.0
344236,0.0
234528,0.0
32582,0.0
156469,0.0
215599,0.0
341377,0.0
329348,0.0
56601,0.0
219886,0.0
163965,0.0
340854,0.0
8887,0.0
2620,0.0
115387,0.0
252201,0.0
88329,0.0
53245,0.0
233822,0.0
50753,0.0
155689,0.0
159768,0.0
21721,0.0
1568,0.0
212928,0.0
249989,0.0
156793,0.0
263010,0.0
97371,0.0
272453,0.0
38794,0.0
323244,0.0
227090,0.0
86624,0.0
282696,0.0
189319,0.0
37546,0.0
287803,0.0
194086,0.0
258757,0.0
132059,0.0
244560,0.0
270689,0.0
66887,0.0
193452,0.0
46073,0.0
345297,0.0
287537,0.0
221546,0.0
41153,0.0
234489,0.0
267959,0.0
190108,0.0
254690,0.0
68477,0.0
203202,0.0
346051,0.0
196513,0.0
29784,0.0
263480,0.0
91880,0.0
228504,0.0
280725,0.0
145831,0.0
182417,0.0
220913,0.0
152599,0.0
8884,0.0
323917,0.0
131555,0.0
70536,0.0
348983,0.0
98751,0.0
38431,0.0
129001,0.0
186782,0.0
96170,0.0
311999,0.0
57370,0.0
141586,0.0
220595,0.0
115645,0.0
333875,0.0
354059,0.0
304369,0.0
4622,0.0
206636,0.0
120059,0.0
47523,0.0
11119,0.0
192722,0.0
68143,0.0
4648,0.0
25934,0.0
167660,0.0
239702,0.0
352430,0.0
220664,0.0
125571,0.0
318616,0.0
299845,0.0
287443,0.0
90959,0.0
140498,0.0
91451,0.0
272305,0.0
191587,0.0
61698,0.0
72687,0.0
342998,0.0
78831,0.0
53954,0.0
336385,1.0
31544,0.0
328018,0.0
102020,0.0
283092,0.0
217459,0.0
212330,0.0
294275,0.0
311961,0.0
224335,0.0
220715,0.0
69590,0.0
236268,0.0
27007,0.0
108081,0.0
186667,0.0
59866,0.0
238763,0.0
1080,0.0
161960,0.0
353402,0.0
301347,0.0
340332,0.0
979,0.0
10165,0.0
293419,0.0
234945,0.0
200641,0.0
314234,0.0
168512,0.0
227921,0.0
50499,0.0
104688,0.0
181029,0.0
294982,0.0
144041,1.0
346511,0.0
39392,0.0
273103,0.0
179280,0.0
170300,0.0
1879,0.0
214066,0.0
31553,0.0
342306,0.0
195092,0.0
299322,0.0
99794,0.0
278312,0.0
89239,0.0
75385,0.0
132439,0.0
206859,0.0
353123,0.0
44208,0.0
20183,0.0
63775,0.0
37536,0.0
191800,0.0
234054,0.0
317510,0.0
50175,0.0
182451,0.0
130578,0.0
247046,0.0
299958,0.0
347808,0.0
271155,0.0
100383,0.0
188879,0.0
319148,0.0
132293,0.0
256980,0.0
165914,0.0
119423,0.0
75582,0.0
19908,0.0
89178,0.0
164436,0.0
47367,0.0
104775,0.0
244596,0.0
132220,0.0
180030,0.0
44545,0.0
293408,0.0
94394,1.0
121635,0.0
104262,0.0
24248,0.0
281773,0.0
144271,0.0
326871,0.0
56655,0.0
312151,0.0
43671,0.0
319746,0.0
276542,0.0
194902,0.0
178970,0.0
299630,0.0
129275,0.0
279567,0.0
153708,0.0
179847,0.0
126090,0.0
178968,0.0
245234,0.0
25445,0.0
306499,0.0
251928,0.0
268325,0.0
48057,0.0
325683,0.0
341413,0.0
2871,0.0
33920,0.0
175652,0.0
314938,0.0
175679,0.0
332307,0.0
71999,0.0
58447,0.0
39492,0.0
300764,0.0
217356,0.0
238084,0.0
258506,0.0
137584,0.0
124216,0.0
237387,0.0
285274,0.0
294134,0.0
279751,0.0
226322,0.0
304870,0.0
224240,0.0
312534,0.0
90232,0.0
328065,0.0
89625,1.0
145958,0.0
197518,1.0
305040,0.0
160248,0.0
199463,0.0
103094,0.0
312719,0.0
22556,0.0
111939,0.0
78555,0.0
147103,0.0
158398,0.0
281015,0.0
100701,0.0
314615,0.0
62856,0.0
1439,0.0
237752,1.0
1969,0.0
22559,0.0
258041,0.0
131241,0.0
278703,0.0
194876,0.0
348075,0.0
144724,0.0
204687,0.0
2794,0.0
349200,0.0
310528,0.0
246147,0.0
69335,0.0
106654,0.0
330034,0.0
328709,0.0
156416,0.0
15391,0.0
267193,0.0
339217,0.0
324814,0.0
13146,0.0
291208,0.0
305530,0.0
350619,1.0
71776,0.0
83060,0.0
169207,0.0
320446,0.0
42353,0.0
166162,0.0
67968,0.0
162121,0.0
125329,0.0
129599,0.0
123181,0.0
241431,0.0
144998,0.0
131392,0.0
65606,0.0
288545,0.0
160899,0.0
71570,0.0
44459,0.0
151656,0.0
94289,0.0
303269,0.0
263736,0.0
218755,0.0
325114,0.0
108517,0.0
268583,0.0
12434,0.0
63581,0.0
25968,0.0
4241,0.0
108796,0.0
57498,0.0
119365,0.0
75797,0.0
199647,0.0
11,0.0
138611,0.0
263264,0.0
167242,0.0
234518,0.0
194658,0.0
29586,0.0
241800,0.0
325640,0.0
159030,0.0
17234,0.0
208683,0.0
239561,0.0
300787,0.0
212491,0.0
165728,0.0
341117,0.0
15660,0.0
160921,0.0
245125,0.0
197859,0.0
39959,0.0
196201,0.0
340262,0.0
44994,0.0
324216,0.0
49348,0.0
36342,0.0
296977,0.0
96037,0.0
188224,0.0
243497,0.0
232507,0.0
158690,0.0
90411,0.0
105589,0.0
21163,0.0
116679,0.0
206894,0.0
4103,0.0
234497,0.0
110544,0.0
241230,0.0
50678,0.0
31307,0.0
176183,0.0
232611,0.0
135614,0.0
344061,0.0
146137,0.0
163556,0.0
179108,0.0
20852,0.0
313026,0.0
323802,0.0
60258,0.0
322307,0.0
191571,0.0
44206,0.0
127419,0.0
158846,0.0
338077,0.0
351769,0.0
27472,0.0
312948,0.0
168384,0.0
182896,0.0
22049,0.0
303647,0.0
196839,0.0
289558,0.0
4107,0.0
228060,0.0
71563,0.0
104119,0.0
109503,0.0
349347,0.0
32744,0.0
270979,0.0
179455,0.0
25310,0.0
130242,0.0
7301,0.0
77973,0.0
81056,0.0
47127,0.0
311765,0.0
142153,0.0
263465,0.0
323046,0.0
104685,0.0
265609,0.0
83002,0.0
53343,0.0
128238,0.0
314583,0.0
233171,0.0
217991,0.0
96150,0.0
206455,0.0
202707,0.0
3556,0.0
223729,0.0
248403,0.0
56009,0.0
66033,0.0
198487,0.0
103938,0.0
166406,0.0
186827,0.0
303724,0.0
317480,0.0
167960,0.0
251765,0.0
39458,0.0
44478,0.0
132629,0.0
144795,0.0
36869,0.0
2734,0.0
108829,0.0
201934,0.0
37839,0.0
352582,0.0
209836,0.0
30627,0.0
135131,0.0
175784,0.0
149708,0.0
131937,0.0
74701,0.0
155929,0.0
51387,0.0
281240,0.0
287864,0.0
143787,0.0
57624,0.0
161719,0.0
52822,0.0
126973,0.0
260963,0.0
333839,0.0
285058,0.0
155215,0.0
15658,0.0
5369,0.0
151713,0.0
97244,0.0
200487,0.0
54214,0.0
304725,0.0
78938,0.0
69766,0.0
218912,0.0
17671,0.0
299222,0.0
71219,0.0
290057,0.0
154453,0.0
247697,0.0
96177,0.0
199087,0.0
24540,0.0
104249,0.0
136440,0.0
24183,0.0
299881,0.0
71823,0.0
23754,0.0
271117,0.0
146016,0.0
273944,1.0
84720,0.0
71535,0.0
298962,0.0
115588,0.0
56766,0.0
324767,0.0
142158,0.0
87148,0.0
95991,0.0
319187,0.0
203725,0.0
268308,0.0
323797,0.0
91432,0.0
309205,0.0
161305,0.0
203592,0.0
155975,0.0
291091,0.0
9007,0.0
172210,0.0
165698,0.0
243737,0.0
300933,0.0
75263,0.0
320093,0.0
237675,0.0
122146,0.0
323306,0.0
336630,0.0
289242,0.0
230894,0.0
222983,0.0
172348,0.0
240758,0.0
41675,0.0
284755,0.0
286941,0.0
237143,0.0
148352,0.0
137741,0.0
349110,0.0
317943,0.0
4124,0.0
226667,0.0
301469,0.0
231253,0.0
315807,0.0
209445,0.0
260674,0.0
110186,0.0
251687,0.0
234787,0.0
296405,0.0
332150,1.0
77353,0.0
317428,0.0
19950,0.0
296264,0.0
739,0.0
196493,0.0
310140,0.0
341379,0.0
82887,0.0
244561,0.0
63549,0.0
180764,0.0
192449,0.0
260616,0.0
175166,0.0
251728,0.0
233878,0.0
219231,0.0
283267,0.0
145564,0.0
337463,0.0
280458,0.0
164267,0.0
341457,0.0
336918,0.0
60508,0.0
337171,0.0
312211,0.0
94481,0.0
219933,0.0
47553,0.0
287871,0.0
284157,0.0
89333,0.0
256827,0.0
308058,0.0
324717,0.0
293764,0.0
167792,0.0
123268,0.0
87093,0.0
8343,1.0
272676,0.0
156331,0.0
344982,0.0
288252,0.0
31292,0.0
137030,0.0
240633,0.0
170197,0.0
182729,0.0
267481,0.0
286395,0.0
258462,0.0
225959,0.0
302086,0.0
320031,0.0
316179,0.0
215028,1.0
33270,0.0
146817,0.0
337148,0.0
214812,0.0
353205,0.0
56593,0.0
215482,0.0
15196,0.0
51630,0.0
106724,0.0
171452,0.0
59791,0.0
293199,0.0
281063,0.0
159376,0.0
267809,0.0
326397,0.0
255778,0.0
248451,0.0
61850,0.0
173877,0.0
21518,0.0
135602,0.0
301934,0.0
298202,0.0
67745,0.0
111660,0.0
54870,0.0
41710,0.0
117177,0.0
220684,0.0
344305,0.0
287353,0.0
72173,0.0
140139,0.0
327953,1.0
272144,0.0
56044,0.0
321287,0.0
14173,0.0
173906,0.0
224714,0.0
44591,0.0
207510,0.0
267258,0.0
63613,0.0
246032,1.0
83336,0.0
347856,0.0
112675,0.0
289569,0.0
4638,0.0
146027,0.0
163932,0.0
85817,0.0
236804,0.0
177261,0.0
17514,0.0
142284,0.0
135174,0.0
18694,0.0
56698,0.0
273114,0.0
179376,0.0
155552,0.0
231146,0.0
275928,0.0
339374,0.0
15579,0.0
137458,0.0
178797,0.0
278137,0.0
20403,0.0
122235,0.0
179817,0.0
180779,0.0
198815,0.0
159639,0.0
299168,0.0
94369,0.0
318663,0.0
319142,0.0
229997,0.0
192349,0.0
171554,0.0
344594,0.0
214416,0.0
153837,0.0
85988,0.0
94941,0.0
3459,0.0
1075,0.0
169644,0.0
188940,0.0
285340,0.0
23206,0.0
197088,0.0
189834,0.0
345990,0.0
272603,0.0
104289,0.0
314090,0.0
7773,0.0
160190,0.0
227117,0.0
190899,0.0
272031,0.0
212772,0.0
308087,0.0
265766,0.0
136459,0.0
128378,0.0
51852,0.0
312243,0.0
163839,0.0
289149,0.0
276286,0.0
267897,0.0
96335,0.0
128402,0.0
89484,0.0
95228,0.0
311318,0.0
194042,0.0
236359,0.0
25805,0.0
249222,0.0
8515,0.0
289086,0.0
42638,0.0
82799,0.0
204936,0.0
106063,0.0
86813,0.0
353599,0.0
251770,0.0
120102,0.0
280644,0.0
29961,0.0
43583,0.0
184377,0.0
334672,0.0
110158,1.0
2231,0.0
313673,0.0
118536,0.0
11180,0.0
315083,0.0
336797,0.0
92531,0.0
130068,0.0
160713,0.0
150013,0.0
263967,0.0
213462,0.0
77138,0.0
42,0.0
343639,0.0
151797,0.0
27381,0.0
33820,0.0
354158,0.0
102037,0.0
238207,0.0
164895,0.0
174695,0.0
202453,0.0
239648,0.0
205508,0.0
331430,0.0
14257,0.0
41178,0.0
165017,0.0
28865,0.0
79577,0.0
76391,0.0
188397,0.0
5827,0.0
27577,0.0
44397,0.0
212852,0.0
184253,0.0
274336,0.0
218911,0.0
241151,0.0
230102,0.0
279807,0.0
266573,1.0
74259,0.0
70224,0.0
94376,0.0
272521,0.0
204768,0.0
44230,0.0
191667,0.0
327684,0.0
6007,0.0
2906,0.0
66638,0.0
93716,0.0
58658,0.0
134417,0.0
48742,0.0
290292,0.0
177819,0.0
194400,0.0
24439,0.0
55524,0.0
195126,0.0
346021,0.0
54437,0.0
55908,0.0
343289,0.0
297875,0.0
199540,0.0
267346,0.0
249526,0.0
108971,0.0
257445,0.0
350716,0.0
63415,0.0
100538,0.0
205638,0.0
102129,0.0
214288,0.0
92488,0.0
227394,0.0
175431,0.0
33507,0.0
55,0.0
251387,0.0
98462,0.0
100523,0.0
177989,0.0
196158,0.0
335944,0.0
91663,0.0
231996,0.0
11683,0.0
7004,0.0
214958,0.0
296306,0.0
36435,0.0
44483,0.0
244850,0.0
143053,0.0
213961,0.0
49341,0.0
143024,0.0
305056,0.0
272709,0.0
5116,0.0
92961,0.0
205317,0.0
246014,0.0
276209,0.0
313648,0.0
43120,0.0
242246,0.0
268766,0.0
258034,0.0
65487,0.0
305323,0.0
212894,0.0
49704,0.0
143227,0.0
73440,0.0
208174,0.0
27709,0.0
127636,0.0
326085,0.0
205099,0.0
328538,0.0
95412,0.0
56872,0.0
168508,0.0
108864,0.0
170009,0.0
23053,0.0
309649,0.0
276148,0.0
1567,0.0
12233,0.0
101912,0.0
190449,0.0
228051,0.0
260249,0.0
299389,0.0
17096,0.0
210493,0.0
181283,0.0
194989,0.0
295733,0.0
243996,0.0
318985,0.0
7429,0.0
313575,0.0
189296,0.0
141352,0.0
13095,0.0
38576,0.0
52594,0.0
52039,0.0
152016,0.0
108487,0.0
306869,0.0
277320,0.0
127169,0.0
12586,0.0
65287,0.0
83123,0.0
124928,0.0
319983,0.0
227059,0.0
334403,0.0
175665,0.0
262254,1.0
108464,0.0
236821,0.0
101703,0.0
342050,0.0
292547,0.0
142416,0.0
131472,0.0
32808,0.0
302309,0.0
301230,0.0
38193,0.0
282462,0.0
149482,0.0
348406,0.0
351615,0.0
159918,0.0
208432,0.0
278640,0.0
235522,0.0
275287,0.0
318756,0.0
66988,0.0
158676,0.0
61163,0.0
295318,0.0
80645,0.0
260233,0.0
229725,0.0
118601,0.0
178403,0.0
28529,0.0
67652,0.0
266776,0.0
131362,0.0
334694,0.0
246888,0.0
108755,0.0
232250,0.0
236338,0.0
66357,0.0
161070,0.0
141941,0.0
249455,0.0
226567,0.0
92581,1.0
145839,0.0
150894,0.0
151471,0.0
338194,1.0
24072,0.0
138629,0.0
292846,0.0
277769,0.0
3503,0.0
73611,0.0
174176,0.0
101522,0.0
350134,0.0
277803,0.0
142609,0.0
35403,0.0
11401,0.0
31780,0.0
83790,1.0
351188,0.0
261564,0.0
285280,0.0
204985,0.0
231639,0.0
159584,0.0
222741,0.0
266965,0.0
346339,0.0
1779,0.0
19403,0.0
91215,0.0
147731,0.0
117995,0.0
337797,0.0
167258,0.0
150714,0.0
171279,0.0
142140,0.0
132458,0.0
38570,0.0
121952,0.0
188400,0.0
317708,0.0
167428,0.0
50375,0.0
37864,0.0
126067,0.0
206684,0.0
174845,0.0
283430,0.0
166413,0.0
190436,0.0
273441,0.0
118929,0.0
51363,0.0
165801,0.0
272157,0.0
322230,0.0
265322,0.0
341878,0.0
109041,0.0
32346,0.0
215508,0.0
3625,0.0
113027,0.0
187075,0.0
327606,0.0
208618,0.0
169813,0.0
146739,0.0
220287,0.0
44600,0.0
341373,0.0
17417,0.0
127816,0.0
80885,0.0
97642,0.0
241813,0.0
27552,0.0
292920,0.0
151417,0.0
180186,0.0
102222,0.0
296318,0.0
4624,0.0
180084,0.0
241391,0.0
184174,0.0
330668,0.0
178645,0.0
293092,0.0
250637,0.0
275250,0.0
108386,0.0
95303,0.0
116650,0.0
348576,0.0
125238,1.0
279768,0.0
9356,0.0
113913,0.0
257620,0.0
286020,0.0
255220,0.0
168707,0.0
244142,0.0
294868,0.0
30053,0.0
37244,0.0
89993,0.0
323708,0.0
26364,0.0
4171,0.0
316195,0.0
255644,0.0
180860,0.0
60120,0.0
213105,0.0
322074,0.0
255766,0.0
61711,0.0
349242,0.0
338680,0.0
40516,0.0
195580,0.0
203930,0.0
74262,0.0
258323,0.0
293635,0.0
276343,0.0
29347,0.0
162507,0.0
309405,0.0
136004,0.0
68244,0.0
74780,0.0
283257,0.0
115079,0.0
213702,0.0
137289,0.0
214363,0.0
23742,0.0
170844,0.0
236022,0.0
38426,0.0
46125,0.0
97972,0.0
285928,0.0
40844,0.0
48472,0.0
197884,0.0
125152,0.0
288707,0.0
55540,0.0
224544,0.0
89193,0.0
321617,0.0
46848,0.0
305789,0.0
310766,0.0
41041,0.0
40416,0.0
294070,0.0
313853,0.0
234242,0.0
68706,0.0
208862,0.0
269384,0.0
579,0.0
202658,0.0
181694,0.0
296748,0.0
246181,0.0
81316,0.0
219284,0.0
74757,1.0
241068,0.0
8755,0.0
205630,0.0
251597,0.0
106582,0.0
26955,0.0
50002,0.0
212435,0.0
241767,0.0
252204,0.0
147699,0.0
286280,0.0
70863,0.0
7291,0.0
99923,0.0
206423,0.0
301711,0.0
4943,0.0
242275,0.0
254890,0.0
19181,0.0
47124,0.0
230283,0.0
154317,0.0
310722,0.0
80232,0.0
339775,0.0
325897,0.0
99532,0.0
138043,0.0
20944,0.0
298300,0.0
170491,0.0
326027,0.0
201916,0.0
273833,0.0
295746,0.0
310730,0.0
123475,0.0
286630,0.0
226765,0.0
298525,0.0
263566,0.0
25391,0.0
21450,0.0
124695,0.0
275275,0.0
75181,0.0
283894,0.0
6989,0.0
143758,0.0
183541,0.0
295667,0.0
326017,0.0
216763,0.0
28505,0.0
315956,0.0
343528,0.0
122716,0.0
191621,0.0
223634,0.0
103561,0.0
168741,0.0
207232,0.0
79616,0.0
36072,0.0
91165,0.0
127832,0.0
199967,0.0
46588,0.0
240347,0.0
276862,0.0
75169,0.0
76019,0.0
153650,0.0
292335,0.0
203588,0.0
147468,0.0
110986,0.0
115044,0.0
212990,1.0
288064,0.0
178959,0.0
118313,0.0
269663,0.0
57019,0.0
56962,0.0
337926,0.0
7641,0.0
84459,0.0
261823,0.0
219658,0.0
248936,0.0
53559,0.0
82616,0.0
213519,0.0
88612,0.0
171597,0.0
119192,0.0
280085,0.0
292478,0.0
36842,0.0
269064,0.0
6262,0.0
149232,0.0
86836,0.0
188154,0.0
39750,0.0
162844,0.0
260242,0.0
168006,0.0
285302,0.0
310679,0.0
7914,0.0
344405,0.0
132274,0.0
300768,0.0
302314,0.0
26161,0.0
180601,0.0
162804,0.0
162635,0.0
354046,0.0
204369,0.0
282884,0.0
299264,0.0
295519,0.0
172245,0.0
195750,0.0
657,0.0
56493,0.0
168085,0.0
348741,0.0
19725,0.0
225627,0.0
346536,0.0
49092,0.0
246221,0.0
48686,0.0
41912,0.0
318337,0.0
237883,0.0
104866,0.0
39246,0.0
114626,0.0
170117,0.0
842,0.0
65750,0.0
192775,0.0
222356,0.0
168550,0.0
218290,0.0
243228,0.0
77789,0.0
77308,0.0
328558,0.0
11976,0.0
108146,0.0
231307,0.0
348583,0.0
66308,0.0
40693,0.0
326971,1.0
206621,0.0
165293,0.0
